sample_idx,school,sex,age,address,famsize,Pstatus,Medu,Fedu,Mjob,Fjob,reason,guardian,traveltime,studytime,failures,schoolsup,famsup,paid,activities,nursery,higher,internet,romantic,famrel,freetime,goout,Dalc,Walc,health,absences,G1,G2,G3,True_Label,Pred_Label,Prob_Class_0,Prob_Class_1,Prob_Class_2,sample_idx_x,sample_idx_y,original_class,original_conf,desired_classes,new_class,new_conf,changed_features,num_changes,Recommendation
0,GP,F,15,U,GT3,T,4,4,services,at_home,course,mother,1,3,0,no,yes,no,yes,yes,yes,yes,yes,4,3,3,1,1,5,4,13,14,2,2,1,0.0011899301,0.5470685,0.4517417,0,,,,,,,,,"Sinh viên đang có thành tích tốt, tiếp tục duy trì phương pháp học hiện tại."
1,GP,F,16,U,GT3,A,3,4,services,other,course,father,1,1,0,no,no,no,no,yes,yes,yes,no,3,2,1,1,4,5,12,15,13,1,1,2,0.0011295768,0.2833817,0.71548873,1,,,,,,,,,"Sinh viên đang có thành tích tốt, tiếp tục duy trì phương pháp học hiện tại."
2,MS,F,16,R,LE3,T,2,2,other,other,course,mother,1,3,0,no,yes,no,no,no,yes,no,yes,4,3,3,2,2,5,2,11,11,1,1,1,0.15619174,0.83575535,0.0080529405,2,,,,,,,,,"Sinh viên đang có thành tích tốt, tiếp tục duy trì phương pháp học hiện tại."
3,MS,F,16,R,LE3,T,1,1,services,services,home,mother,1,1,0,no,yes,no,yes,yes,yes,yes,yes,4,4,4,2,2,4,2,14,14,1,1,2,0.001317779,0.4991343,0.49954796,3,,,,,,,,,"Sinh viên đang có thành tích tốt, tiếp tục duy trì phương pháp học hiện tại."
4,GP,M,16,R,LE3,T,3,3,teacher,other,home,father,3,1,0,no,yes,no,yes,yes,yes,yes,no,3,3,4,3,5,3,16,10,11,1,1,1,0.035912387,0.9422809,0.021806698,4,,,,,,,,,"Sinh viên đang có thành tích tốt, tiếp tục duy trì phương pháp học hiện tại."
5,GP,M,18,R,LE3,T,3,3,other,services,course,mother,1,2,0,no,yes,no,no,yes,yes,yes,yes,4,3,3,1,3,5,8,10,9,1,1,1,0.29805145,0.6973349,0.004613664,5,,,,,,,,,"Sinh viên đang có thành tích tốt, tiếp tục duy trì phương pháp học hiện tại."
6,MS,M,17,R,LE3,T,2,2,services,services,other,mother,3,4,1,no,yes,no,no,yes,yes,no,no,1,3,5,3,5,3,2,10,8,0,0,1,0.4411319,0.5548681,0.00399994,6,,,,,,,,,"Sinh viên đang có thành tích tốt, tiếp tục duy trì phương pháp học hiện tại."
7,MS,F,18,R,GT3,T,2,2,services,other,home,mother,2,3,0,no,no,no,no,yes,yes,yes,yes,4,2,1,1,1,4,5,14,14,2,2,2,0.0011712849,0.34742913,0.65139955,7,,,,,,,,,"Sinh viên đang có thành tích tốt, tiếp tục duy trì phương pháp học hiện tại."
8,GP,M,16,U,GT3,T,3,3,other,services,home,father,2,1,0,no,no,no,yes,yes,yes,yes,no,5,4,2,1,1,5,6,14,14,2,2,1,0.0054886667,0.57535,0.41916132,8,,,,,,,,,"Sinh viên đang có thành tích tốt, tiếp tục duy trì phương pháp học hiện tại."
9,GP,F,17,U,LE3,T,2,2,services,other,course,mother,2,2,0,yes,yes,no,no,yes,yes,yes,yes,4,4,4,2,3,5,6,12,12,1,1,1,0.0061067254,0.8285305,0.16536278,9,,,,,,,,,"Sinh viên đang có thành tích tốt, tiếp tục duy trì phương pháp học hiện tại."
10,GP,M,17,U,GT3,T,3,1,services,other,other,mother,1,2,0,no,no,no,yes,yes,yes,yes,yes,5,4,4,3,4,5,0,11,11,1,1,1,0.03988202,0.9368456,0.023272429,10,,,,,,,,,"Sinh viên đang có thành tích tốt, tiếp tục duy trì phương pháp học hiện tại."
11,MS,M,16,R,GT3,T,2,2,services,services,course,mother,2,1,0,no,yes,no,yes,yes,yes,yes,yes,5,4,3,2,4,4,6,7,8,0,0,0,0.72165567,0.27661014,0.0017341671,11,,,,,,,,,"Sinh viên đang có thành tích tốt, tiếp tục duy trì phương pháp học hiện tại."
12,GP,F,17,U,GT3,T,2,2,at_home,at_home,course,mother,1,3,0,no,yes,no,yes,yes,yes,yes,no,4,3,3,1,1,4,0,12,12,1,1,1,0.004262678,0.8246527,0.17108469,12,,,,,,,,,"Sinh viên đang có thành tích tốt, tiếp tục duy trì phương pháp học hiện tại."
13,GP,F,16,U,GT3,T,3,2,other,other,reputation,mother,1,2,0,no,yes,no,no,yes,yes,yes,no,1,2,2,1,2,1,8,14,15,2,2,2,0.00049544434,0.11993792,0.87956667,13,,,,,,,,,"Sinh viên đang có thành tích tốt, tiếp tục duy trì phương pháp học hiện tại."
14,GP,M,18,R,LE3,T,3,2,services,other,reputation,mother,2,3,0,no,yes,no,yes,yes,yes,yes,no,5,4,2,1,1,4,0,14,15,2,2,2,0.00060301344,0.1648978,0.8344992,14,,,,,,,,,"Sinh viên đang có thành tích tốt, tiếp tục duy trì phương pháp học hiện tại."
15,GP,M,15,U,LE3,A,4,2,health,health,other,father,2,1,0,no,no,no,no,yes,yes,no,no,5,5,5,3,4,5,4,10,9,0,0,1,0.08521295,0.9005548,0.014232305,15,,,,,,,,,"Sinh viên đang có thành tích tốt, tiếp tục duy trì phương pháp học hiện tại."
16,GP,F,18,U,LE3,T,4,2,teacher,other,course,mother,1,2,0,no,yes,no,yes,yes,yes,yes,no,4,2,2,1,1,3,0,14,17,2,2,2,0.00058222807,0.13276935,0.8666484,16,,,,,,,,,"Sinh viên đang có thành tích tốt, tiếp tục duy trì phương pháp học hiện tại."
17,MS,F,18,U,GT3,T,4,4,teacher,teacher,reputation,mother,2,2,0,no,no,no,yes,no,yes,yes,no,4,3,5,1,2,1,0,18,18,2,2,2,0.00065098575,0.12555552,0.8737935,17,,,,,,,,,"Sinh viên đang có thành tích tốt, tiếp tục duy trì phương pháp học hiện tại."
18,GP,F,18,R,GT3,T,2,2,other,other,home,mother,1,2,0,yes,no,no,no,yes,yes,no,no,3,2,3,1,1,5,4,11,11,1,1,1,0.061467875,0.9247446,0.01378753,18,,,,,,,,,"Sinh viên đang có thành tích tốt, tiếp tục duy trì phương pháp học hiện tại."
19,GP,M,16,U,LE3,T,2,1,at_home,other,course,mother,1,1,1,no,no,no,yes,yes,yes,no,yes,4,4,4,3,5,5,6,9,10,1,1,1,0.10535393,0.8812159,0.013430166,19,,,,,,,,,"Sinh viên đang có thành tích tốt, tiếp tục duy trì phương pháp học hiện tại."
20,GP,M,15,U,LE3,T,3,3,other,other,course,mother,1,2,0,no,no,no,yes,no,yes,yes,no,5,3,2,1,1,2,0,13,12,1,1,1,0.007351225,0.87460697,0.11804181,20,,,,,,,,,"Sinh viên đang có thành tích tốt, tiếp tục duy trì phương pháp học hiện tại."
21,GP,F,16,U,GT3,T,3,1,services,other,course,mother,1,4,0,yes,yes,no,no,yes,yes,yes,no,4,3,3,1,2,5,0,10,9,1,1,1,0.3036821,0.6606139,0.035704054,21,,,,,,,,,"Sinh viên đang có thành tích tốt, tiếp tục duy trì phương pháp học hiện tại."
22,GP,F,15,U,LE3,A,3,3,other,other,other,mother,1,1,0,no,no,no,no,yes,yes,yes,no,5,3,4,4,4,1,0,13,12,1,1,1,0.0033746604,0.7287062,0.2679192,22,,,,,,,,,"Sinh viên đang có thành tích tốt, tiếp tục duy trì phương pháp học hiện tại."
23,GP,F,15,U,LE3,A,3,4,other,other,home,mother,1,2,0,yes,no,no,yes,yes,yes,yes,yes,5,3,2,1,1,1,0,10,11,1,1,1,0.07273534,0.9122778,0.014986815,23,,,,,,,,,"Sinh viên đang có thành tích tốt, tiếp tục duy trì phương pháp học hiện tại."
24,GP,F,19,U,GT3,T,1,1,other,other,course,other,3,3,0,no,no,no,yes,yes,no,no,yes,1,5,5,4,3,5,12,10,10,1,1,1,0.20907812,0.7577248,0.033197053,24,,,,,,,,,"Sinh viên đang có thành tích tốt, tiếp tục duy trì phương pháp học hiện tại."
25,GP,F,17,R,GT3,T,4,4,teacher,teacher,course,mother,1,1,0,no,no,no,yes,yes,yes,yes,no,4,4,4,1,1,5,2,15,16,2,2,2,0.00057372113,0.1549312,0.844495,25,,,,,,,,,"Sinh viên đang có thành tích tốt, tiếp tục duy trì phương pháp học hiện tại."
26,GP,M,15,U,GT3,T,4,2,teacher,other,home,mother,1,2,0,no,yes,no,no,yes,yes,no,no,4,3,3,2,2,5,4,11,12,1,1,1,0.014970395,0.9459494,0.03908016,26,,,,,,,,,"Sinh viên đang có thành tích tốt, tiếp tục duy trì phương pháp học hiện tại."
27,GP,F,17,U,GT3,T,4,4,other,teacher,course,mother,1,1,0,yes,yes,no,no,yes,yes,no,yes,4,2,1,1,1,4,0,13,13,1,1,1,0.008917764,0.84068364,0.15039852,27,,,,,,,,,"Sinh viên đang có thành tích tốt, tiếp tục duy trì phương pháp học hiện tại."
28,GP,M,17,R,GT3,T,2,2,other,other,course,father,2,2,0,no,yes,no,yes,yes,yes,yes,no,4,5,2,1,1,1,0,12,13,1,1,1,0.0031091883,0.693751,0.3031399,28,,,,,,,,,"Sinh viên đang có thành tích tốt, tiếp tục duy trì phương pháp học hiện tại."
29,GP,F,17,U,GT3,T,3,3,other,other,home,mother,1,3,0,no,no,no,yes,no,yes,no,no,3,2,3,1,1,4,2,15,12,1,1,1,0.01761848,0.9029492,0.079432264,29,,,,,,,,,"Sinh viên đang có thành tích tốt, tiếp tục duy trì phương pháp học hiện tại."
30,MS,F,18,R,LE3,A,4,2,teacher,other,reputation,mother,1,2,0,no,no,no,yes,yes,yes,yes,yes,5,3,1,1,1,5,0,5,0,0,0,0,0.9072212,0.09169138,0.0010873841,30,,,,,,,,,"Sinh viên đang có thành tích tốt, tiếp tục duy trì phương pháp học hiện tại."
31,GP,F,17,R,GT3,T,4,2,other,other,course,mother,1,3,0,no,yes,no,yes,yes,yes,yes,no,4,3,4,1,3,5,2,11,12,1,1,1,0.009270971,0.8147458,0.17598324,31,,,,,,,,,"Sinh viên đang có thành tích tốt, tiếp tục duy trì phương pháp học hiện tại."
32,MS,M,15,R,LE3,T,4,1,health,services,reputation,father,1,2,0,no,yes,no,yes,yes,yes,yes,no,5,3,4,1,2,2,7,7,9,0,0,1,0.32802364,0.66761667,0.0043596784,32,,,,,,,,,"Sinh viên đang có thành tích tốt, tiếp tục duy trì phương pháp học hiện tại."
33,GP,F,19,U,GT3,T,3,3,other,other,reputation,other,1,4,0,no,yes,no,yes,yes,yes,yes,no,4,3,3,1,2,3,4,12,12,1,1,1,0.006365195,0.8890425,0.1045923,33,,,,,,,,,"Sinh viên đang có thành tích tốt, tiếp tục duy trì phương pháp học hiện tại."
34,GP,M,15,U,GT3,T,2,3,other,other,home,mother,1,3,0,yes,no,no,no,no,yes,yes,no,5,3,2,1,2,5,2,10,9,0,0,1,0.35522008,0.6418957,0.0028841717,34,,,,,,,,,"Sinh viên đang có thành tích tốt, tiếp tục duy trì phương pháp học hiện tại."
35,GP,M,17,U,LE3,T,4,4,services,other,home,mother,1,2,0,no,yes,no,no,yes,yes,yes,yes,5,3,5,4,5,3,15,13,12,1,1,1,0.005029829,0.8697362,0.12523393,35,,,,,,,,,"Sinh viên đang có thành tích tốt, tiếp tục duy trì phương pháp học hiện tại."
36,GP,M,17,U,GT3,T,2,2,other,other,home,father,2,1,0,no,no,no,no,yes,no,yes,no,4,4,4,2,3,4,8,8,8,0,0,0,0.75234306,0.24634771,0.0013092182,36,,,,,,,,,"Sinh viên đang có thành tích tốt, tiếp tục duy trì phương pháp học hiện tại."
37,GP,F,15,R,GT3,T,3,4,services,health,course,mother,1,3,0,yes,yes,no,yes,yes,yes,yes,no,4,3,2,1,1,5,2,11,12,1,1,1,0.008512919,0.89401454,0.0974725,37,,,,,,,,,"Sinh viên đang có thành tích tốt, tiếp tục duy trì phương pháp học hiện tại."
38,GP,M,16,U,GT3,T,3,3,services,other,home,father,1,3,0,no,yes,no,yes,yes,yes,yes,no,5,3,3,1,1,5,4,13,14,1,1,1,0.003000665,0.5473145,0.44968486,38,,,,,,,,,"Sinh viên đang có thành tích tốt, tiếp tục duy trì phương pháp học hiện tại."
39,GP,F,16,U,GT3,T,3,3,other,other,home,father,1,2,0,no,yes,no,no,yes,yes,no,no,4,3,2,1,2,5,0,11,13,1,1,1,0.0026490432,0.7130586,0.28429237,39,,,,,,,,,"Sinh viên đang có thành tích tốt, tiếp tục duy trì phương pháp học hiện tại."
40,MS,F,17,U,GT3,T,2,2,other,at_home,course,mother,1,1,0,no,yes,no,yes,yes,no,no,no,4,5,3,1,1,5,4,9,9,1,1,1,0.4215986,0.5747713,0.003630089,40,,,,,,,,,"Sinh viên đang có thành tích tốt, tiếp tục duy trì phương pháp học hiện tại."
41,MS,F,17,U,GT3,T,4,2,teacher,services,home,mother,1,2,0,yes,yes,no,yes,yes,yes,yes,no,5,5,5,1,3,5,0,8,8,0,0,0,0.49856272,0.4970499,0.0043873712,41,,,,,,,,,"Sinh viên đang có thành tích tốt, tiếp tục duy trì phương pháp học hiện tại."
42,MS,F,17,R,GT3,T,4,1,other,other,other,mother,1,1,0,no,no,no,no,yes,yes,yes,yes,4,2,3,1,2,5,1,13,14,1,1,2,0.0015825756,0.3986917,0.5997257,42,,,,,,,,,"Sinh viên đang có thành tích tốt, tiếp tục duy trì phương pháp học hiện tại."
43,GP,M,17,R,GT3,T,3,2,other,other,course,mother,2,2,2,yes,yes,no,no,yes,yes,yes,yes,4,4,4,1,4,3,4,7,6,0,0,0,0.86016196,0.1385134,0.0013245848,43,,,,,,,,,"Sinh viên đang có thành tích tốt, tiếp tục duy trì phương pháp học hiện tại."
44,GP,F,17,U,GT3,T,4,4,teacher,teacher,course,mother,2,3,0,no,yes,no,no,no,yes,yes,yes,4,3,3,1,2,4,4,15,14,2,2,1,0.0013253519,0.50679,0.49188462,44,,,,,,,,,"Sinh viên đang có thành tích tốt, tiếp tục duy trì phương pháp học hiện tại."
45,MS,F,18,R,GT3,T,1,1,other,other,home,mother,4,3,0,no,no,no,no,yes,yes,yes,no,4,3,2,1,2,4,4,10,11,1,1,1,0.122198895,0.86796045,0.009840721,45,,,,,,,,,"Sinh viên đang có thành tích tốt, tiếp tục duy trì phương pháp học hiện tại."
46,MS,F,16,U,GT3,T,4,4,health,health,course,mother,1,2,0,no,yes,no,no,yes,yes,yes,yes,4,3,4,1,2,3,4,8,8,0,0,0,0.53534436,0.4601261,0.0045295064,46,,,,,,,,,"Sinh viên đang có thành tích tốt, tiếp tục duy trì phương pháp học hiện tại."
47,MS,F,17,U,GT3,T,3,3,services,services,course,mother,2,1,0,no,yes,no,no,yes,yes,yes,no,4,4,3,1,1,4,0,11,12,1,1,1,0.010432338,0.91378033,0.07578732,47,,,,,,,,,"Sinh viên đang có thành tích tốt, tiếp tục duy trì phương pháp học hiện tại."
48,MS,F,17,U,GT3,T,4,4,health,health,course,father,1,2,0,no,yes,no,no,yes,yes,yes,no,5,2,5,1,1,5,0,13,15,2,2,2,0.0010071645,0.35407194,0.6449209,48,,,,,,,,,"Sinh viên đang có thành tích tốt, tiếp tục duy trì phương pháp học hiện tại."
49,GP,F,17,R,GT3,T,4,3,teacher,other,reputation,mother,2,3,0,no,yes,no,yes,yes,yes,yes,yes,4,4,2,1,1,4,0,11,12,1,1,1,0.0073561273,0.898465,0.09417886,49,,,,,,,,,"Sinh viên đang có thành tích tốt, tiếp tục duy trì phương pháp học hiện tại."
50,GP,F,16,U,GT3,T,3,4,at_home,other,course,mother,1,2,0,no,yes,no,no,yes,yes,yes,no,2,4,3,1,2,3,14,12,11,1,1,1,0.016456839,0.92255604,0.060987145,50,,,,,,,,,"Sinh viên đang có thành tích tốt, tiếp tục duy trì phương pháp học hiện tại."
51,MS,F,17,U,LE3,A,3,2,services,other,reputation,mother,2,2,0,no,no,no,no,yes,yes,no,yes,1,2,3,1,2,5,0,15,14,2,2,2,0.0028247964,0.48678595,0.5103892,51,,,,,,,,,"Sinh viên đang có thành tích tốt, tiếp tục duy trì phương pháp học hiện tại."
52,GP,F,19,R,GT3,T,3,2,services,services,reputation,father,1,2,1,yes,yes,no,no,yes,no,yes,no,3,3,3,4,3,3,0,9,8,1,1,1,0.43254548,0.5455008,0.021953782,52,52.0,0.0,0.5088227987289429,"[1, 2]",1.0,0.4898582994937897,{'Dalc': 0},1.0,"Sinh viên đang được dự đoán thuộc nhóm Low với độ tin cậy 51%. Mô hình tìm thấy phương án cải thiện: điều chỉnh các yếu tố {'Dalc': 0}. Sau thay đổi này, dự đoán sẽ chuyển sang Medium với xác suất 49%. Khuyến nghị: sinh viên nên thực hiện các thay đổi trên và liên hệ cố vấn học tập để theo dõi tiến độ."
53,GP,F,20,R,GT3,T,2,1,other,other,course,other,2,2,0,no,yes,yes,yes,yes,no,yes,yes,1,2,3,1,2,2,8,10,12,1,1,1,0.027271982,0.91237736,0.060350627,53,,,,,,,,,"Sinh viên đang có thành tích tốt, tiếp tục duy trì phương pháp học hiện tại."
54,MS,F,18,R,GT3,T,4,4,other,teacher,other,father,3,2,0,no,yes,no,no,no,yes,yes,yes,3,2,2,4,2,5,0,7,5,0,0,0,0.7694056,0.22715023,0.0034441731,54,,,,,,,,,"Sinh viên đang có thành tích tốt, tiếp tục duy trì phương pháp học hiện tại."
55,GP,F,19,U,GT3,T,2,2,services,services,home,mother,1,2,0,no,yes,no,no,yes,yes,yes,no,4,3,3,1,1,5,0,10,10,1,1,1,0.1075091,0.879317,0.013173915,55,,,,,,,,,"Sinh viên đang có thành tích tốt, tiếp tục duy trì phương pháp học hiện tại."
56,GP,F,17,U,LE3,T,3,2,other,other,reputation,mother,2,2,0,no,no,no,no,yes,yes,yes,no,4,4,4,1,3,1,2,14,16,2,2,2,0.00050318695,0.116119966,0.8833769,56,,,,,,,,,"Sinh viên đang có thành tích tốt, tiếp tục duy trì phương pháp học hiện tại."
57,MS,M,17,U,GT3,T,3,3,health,other,course,mother,2,2,1,no,yes,no,no,yes,yes,yes,no,4,5,4,2,3,3,4,8,9,1,1,0,0.65183866,0.3463508,0.0018105289,57,,,,,,,,,"Sinh viên đang có thành tích tốt, tiếp tục duy trì phương pháp học hiện tại."
58,MS,F,18,R,GT3,T,2,2,at_home,other,course,mother,3,2,1,no,no,no,yes,yes,yes,no,yes,4,3,3,1,1,4,0,9,0,0,0,0,0.898843,0.10033567,0.00082129595,58,,,,,,,,,"Sinh viên đang có thành tích tốt, tiếp tục duy trì phương pháp học hiện tại."
59,GP,M,16,U,GT3,T,3,2,at_home,other,reputation,mother,2,3,0,no,no,no,yes,yes,yes,yes,yes,5,3,3,1,3,2,0,12,12,1,1,1,0.007932645,0.89466876,0.0973986,59,,,,,,,,,"Sinh viên đang có thành tích tốt, tiếp tục duy trì phương pháp học hiện tại."
60,GP,M,18,U,GT3,T,2,1,other,other,home,mother,1,2,0,no,no,no,yes,yes,yes,yes,no,5,2,4,1,2,4,2,16,16,2,2,2,0.00085216074,0.12267937,0.87646854,60,,,,,,,,,"Sinh viên đang có thành tích tốt, tiếp tục duy trì phương pháp học hiện tại."
61,GP,M,17,U,GT3,T,2,1,other,other,home,mother,2,1,3,yes,yes,no,yes,yes,no,yes,no,4,5,1,1,1,3,0,9,9,1,1,1,0.37251195,0.6227023,0.004785712,61,,,,,,,,,"Sinh viên đang có thành tích tốt, tiếp tục duy trì phương pháp học hiện tại."
62,MS,F,16,R,LE3,T,2,2,other,services,course,father,1,2,0,no,no,no,yes,yes,yes,no,yes,5,4,3,1,1,1,0,11,13,1,1,1,0.0064202948,0.87802327,0.11555646,62,,,,,,,,,"Sinh viên đang có thành tích tốt, tiếp tục duy trì phương pháp học hiện tại."
63,MS,F,16,R,GT3,T,4,4,teacher,teacher,course,mother,2,3,0,no,no,no,yes,yes,yes,yes,yes,4,2,2,1,1,4,6,16,16,2,2,2,0.0010345795,0.2251236,0.77384174,63,,,,,,,,,"Sinh viên đang có thành tích tốt, tiếp tục duy trì phương pháp học hiện tại."
64,GP,F,15,U,GT3,T,1,2,at_home,services,course,mother,1,2,0,no,no,no,no,no,yes,yes,no,3,2,3,1,2,1,0,14,14,1,1,2,0.0011039547,0.3210399,0.67785615,64,,,,,,,,,"Sinh viên đang có thành tích tốt, tiếp tục duy trì phương pháp học hiện tại."
65,GP,F,16,U,GT3,T,4,3,other,at_home,course,mother,1,3,0,yes,yes,no,no,yes,yes,yes,no,5,3,5,1,1,3,2,12,13,1,1,1,0.0016401941,0.6201154,0.37824443,65,,,,,,,,,"Sinh viên đang có thành tích tốt, tiếp tục duy trì phương pháp học hiện tại."
66,MS,M,17,U,GT3,T,1,2,other,other,course,father,1,1,1,no,yes,no,yes,yes,no,yes,yes,5,3,5,5,5,1,12,6,7,0,0,0,0.8136756,0.18388295,0.0024414654,66,,,,,,,,,"Sinh viên đang có thành tích tốt, tiếp tục duy trì phương pháp học hiện tại."
67,GP,F,15,U,GT3,T,4,4,services,teacher,other,father,1,2,0,yes,yes,no,yes,no,yes,yes,no,4,4,4,1,1,3,2,13,12,1,1,1,0.0057818205,0.8722889,0.12192925,67,,,,,,,,,"Sinh viên đang có thành tích tốt, tiếp tục duy trì phương pháp học hiện tại."
68,GP,F,17,U,GT3,T,4,4,teacher,services,course,mother,1,3,0,no,yes,no,yes,yes,yes,yes,no,5,4,4,1,3,4,0,13,12,1,1,1,0.0026170432,0.7607825,0.23660055,68,,,,,,,,,"Sinh viên đang có thành tích tốt, tiếp tục duy trì phương pháp học hiện tại."
69,GP,F,16,R,GT3,T,1,1,other,services,reputation,mother,2,1,0,no,yes,no,yes,yes,yes,no,yes,3,3,3,1,2,1,8,12,11,1,1,1,0.013088266,0.94166785,0.04524394,69,,,,,,,,,"Sinh viên đang có thành tích tốt, tiếp tục duy trì phương pháp học hiện tại."
70,GP,F,19,U,GT3,T,3,3,other,services,home,other,1,2,0,no,yes,no,yes,yes,yes,yes,no,4,3,5,3,3,5,16,11,12,1,1,1,0.01953196,0.939688,0.04078002,70,,,,,,,,,"Sinh viên đang có thành tích tốt, tiếp tục duy trì phương pháp học hiện tại."
71,GP,F,16,U,GT3,T,2,3,other,other,reputation,mother,1,2,0,yes,yes,no,yes,yes,yes,no,no,4,4,3,1,3,4,4,11,12,1,1,1,0.01793527,0.93209964,0.049965166,71,,,,,,,,,"Sinh viên đang có thành tích tốt, tiếp tục duy trì phương pháp học hiện tại."
72,GP,M,17,R,LE3,T,1,2,other,other,reputation,mother,1,1,3,no,no,no,no,yes,yes,no,no,2,2,2,3,3,5,14,9,8,1,1,1,0.46438894,0.53230315,0.003307908,72,,,,,,,,,"Sinh viên đang có thành tích tốt, tiếp tục duy trì phương pháp học hiện tại."
73,GP,F,18,U,GT3,T,2,2,at_home,at_home,other,mother,1,3,0,no,yes,no,no,yes,yes,yes,no,4,3,3,1,2,2,0,18,18,2,2,2,0.00028402734,0.0650268,0.93468916,73,,,,,,,,,"Sinh viên đang có thành tích tốt, tiếp tục duy trì phương pháp học hiện tại."
74,GP,F,17,U,GT3,T,2,2,other,other,course,mother,1,2,0,no,yes,no,no,no,yes,yes,no,5,4,5,1,2,5,12,12,12,1,1,1,0.002788224,0.62033725,0.37687454,74,,,,,,,,,"Sinh viên đang có thành tích tốt, tiếp tục duy trì phương pháp học hiện tại."
75,MS,F,16,R,GT3,T,1,2,other,other,home,father,1,3,0,yes,yes,no,no,no,yes,yes,yes,4,3,4,1,1,3,5,13,14,1,1,2,0.0016687209,0.48268184,0.51564944,75,,,,,,,,,"Sinh viên đang có thành tích tốt, tiếp tục duy trì phương pháp học hiện tại."
76,MS,F,17,R,GT3,T,1,1,at_home,other,reputation,mother,2,1,0,no,yes,no,yes,no,yes,yes,yes,4,4,5,1,2,5,0,11,11,1,1,1,0.031790085,0.94654906,0.021660851,76,,,,,,,,,"Sinh viên đang có thành tích tốt, tiếp tục duy trì phương pháp học hiện tại."
77,MS,M,18,U,LE3,T,1,1,at_home,at_home,course,mother,2,2,0,no,yes,no,yes,yes,yes,no,no,4,3,3,1,4,5,6,10,9,1,1,1,0.19133751,0.79970545,0.008956968,77,,,,,,,,,"Sinh viên đang có thành tích tốt, tiếp tục duy trì phương pháp học hiện tại."
78,GP,F,16,U,GT3,T,3,3,other,other,reputation,mother,3,2,0,yes,yes,no,yes,yes,yes,no,no,5,3,2,1,1,4,2,13,14,1,1,1,0.0030222847,0.63498926,0.36198843,78,,,,,,,,,"Sinh viên đang có thành tích tốt, tiếp tục duy trì phương pháp học hiện tại."
79,GP,F,17,U,GT3,T,4,4,teacher,services,course,mother,1,2,0,no,yes,yes,no,yes,yes,yes,yes,5,3,1,1,4,5,2,11,11,1,1,1,0.02898022,0.9325272,0.03849258,79,,,,,,,,,"Sinh viên đang có thành tích tốt, tiếp tục duy trì phương pháp học hiện tại."
80,GP,M,16,R,GT3,T,2,2,at_home,other,course,mother,3,1,0,no,no,no,no,no,yes,no,no,4,2,2,1,2,3,4,12,10,1,1,1,0.07051697,0.91548336,0.013999639,80,,,,,,,,,"Sinh viên đang có thành tích tốt, tiếp tục duy trì phương pháp học hiện tại."
81,MS,F,16,R,GT3,T,2,3,at_home,services,course,mother,2,2,0,no,no,no,no,yes,yes,no,no,4,5,2,1,2,5,0,16,17,2,2,2,0.0005521,0.071685314,0.9277625,81,,,,,,,,,"Sinh viên đang có thành tích tốt, tiếp tục duy trì phương pháp học hiện tại."
82,MS,F,16,U,GT3,T,1,1,at_home,other,course,father,1,2,0,no,yes,no,no,no,yes,no,yes,5,4,3,2,1,2,0,13,14,2,2,2,0.0015605921,0.4920743,0.5063651,82,,,,,,,,,"Sinh viên đang có thành tích tốt, tiếp tục duy trì phương pháp học hiện tại."
83,MS,M,17,R,GT3,T,1,1,other,services,course,mother,2,1,0,no,yes,no,yes,no,yes,yes,yes,4,5,5,1,3,2,0,10,9,1,1,1,0.2826968,0.7115546,0.005748629,83,,,,,,,,,"Sinh viên đang có thành tích tốt, tiếp tục duy trì phương pháp học hiện tại."
84,MS,M,17,R,GT3,T,4,3,services,other,home,mother,2,2,1,no,yes,yes,yes,no,yes,yes,yes,4,5,5,1,3,2,4,10,11,1,1,1,0.14642017,0.8463687,0.007211133,84,,,,,,,,,"Sinh viên đang có thành tích tốt, tiếp tục duy trì phương pháp học hiện tại."
85,MS,M,18,R,GT3,T,3,2,services,other,course,mother,1,1,1,no,no,no,no,yes,no,yes,no,2,3,1,2,2,5,0,4,0,0,0,0,0.90792084,0.09141808,0.0006611166,85,,,,,,,,,"Sinh viên đang có thành tích tốt, tiếp tục duy trì phương pháp học hiện tại."
86,GP,F,15,U,GT3,T,1,2,at_home,other,course,mother,1,2,0,no,yes,no,no,no,yes,yes,no,4,3,2,1,1,5,6,13,12,1,1,1,0.0037890295,0.81936944,0.17684153,86,,,,,,,,,"Sinh viên đang có thành tích tốt, tiếp tục duy trì phương pháp học hiện tại."
87,GP,F,16,U,LE3,T,2,2,other,other,home,mother,2,2,0,no,yes,no,yes,no,yes,yes,yes,3,3,3,1,2,3,16,11,11,1,1,1,0.027696248,0.93188745,0.040416308,87,,,,,,,,,"Sinh viên đang có thành tích tốt, tiếp tục duy trì phương pháp học hiện tại."
88,GP,F,18,U,GT3,T,3,3,other,other,course,mother,2,1,1,no,no,no,no,yes,no,yes,no,4,1,1,1,1,3,14,8,7,0,0,0,0.85235214,0.14675586,0.0008919984,88,,,,,,,,,"Sinh viên đang có thành tích tốt, tiếp tục duy trì phương pháp học hiện tại."
89,MS,F,17,U,GT3,T,4,1,health,at_home,course,mother,1,1,0,no,yes,no,no,yes,yes,no,yes,3,2,2,1,1,5,0,8,10,0,0,1,0.17821527,0.8068094,0.014975309,89,,,,,,,,,"Sinh viên đang có thành tích tốt, tiếp tục duy trì phương pháp học hiện tại."
90,GP,F,15,U,GT3,T,4,4,services,services,course,mother,1,1,0,yes,yes,no,no,yes,yes,yes,no,3,3,4,2,3,5,0,13,12,1,1,1,0.0018155085,0.65499294,0.34319156,90,,,,,,,,,"Sinh viên đang có thành tích tốt, tiếp tục duy trì phương pháp học hiện tại."
91,GP,M,19,U,GT3,T,4,2,health,other,course,mother,2,2,0,no,yes,no,yes,yes,yes,yes,yes,5,4,4,1,1,1,9,11,10,1,1,1,0.03617509,0.90143937,0.06238551,91,,,,,,,,,"Sinh viên đang có thành tích tốt, tiếp tục duy trì phương pháp học hiện tại."
92,GP,M,15,U,GT3,T,4,4,teacher,health,reputation,mother,1,2,0,no,yes,no,yes,yes,yes,no,no,3,2,2,1,1,5,8,15,15,2,2,2,0.0025986324,0.35380453,0.64359677,92,,,,,,,,,"Sinh viên đang có thành tích tốt, tiếp tục duy trì phương pháp học hiện tại."
93,GP,F,17,U,LE3,A,2,2,other,other,home,mother,1,1,1,no,yes,no,no,no,no,yes,no,3,1,2,1,1,1,8,11,9,1,1,1,0.340917,0.6553297,0.003753297,93,,,,,,,,,"Sinh viên đang có thành tích tốt, tiếp tục duy trì phương pháp học hiện tại."
94,MS,M,17,U,GT3,T,2,3,other,services,home,father,2,2,0,no,no,no,yes,yes,yes,yes,no,4,4,3,1,1,3,4,14,15,2,2,1,0.013215865,0.54805565,0.4387285,94,,,,,,,,,"Sinh viên đang có thành tích tốt, tiếp tục duy trì phương pháp học hiện tại."
95,MS,F,16,R,GT3,T,2,2,other,other,course,father,3,2,0,no,yes,no,no,yes,no,yes,no,3,4,5,1,2,1,1,9,10,1,1,1,0.16691813,0.7924035,0.040678415,95,,,,,,,,,"Sinh viên đang có thành tích tốt, tiếp tục duy trì phương pháp học hiện tại."
96,GP,F,18,U,LE3,T,4,3,health,services,course,mother,2,1,0,no,yes,no,no,yes,yes,yes,no,3,2,4,1,4,1,8,12,12,2,2,1,0.0030266505,0.7864052,0.21056816,96,,,,,,,,,"Sinh viên đang có thành tích tốt, tiếp tục duy trì phương pháp học hiện tại."
97,GP,F,17,U,LE3,T,2,1,other,other,home,father,1,2,0,no,no,no,yes,yes,yes,yes,no,4,2,3,2,2,2,2,11,12,1,1,1,0.013024479,0.916753,0.0702225,97,,,,,,,,,"Sinh viên đang có thành tích tốt, tiếp tục duy trì phương pháp học hiện tại."
98,GP,F,18,U,GT3,T,3,2,at_home,other,reputation,father,1,3,0,no,yes,no,no,yes,yes,yes,yes,4,3,4,1,2,2,5,14,17,2,2,2,0.00038578862,0.10751524,0.892099,98,,,,,,,,,"Sinh viên đang có thành tích tốt, tiếp tục duy trì phương pháp học hiện tại."
99,GP,M,16,R,GT3,T,3,3,services,services,reputation,mother,1,1,0,no,yes,no,yes,yes,yes,yes,no,4,3,2,3,4,5,0,11,10,1,1,1,0.11398921,0.87747395,0.008536834,99,,,,,,,,,"Sinh viên đang có thành tích tốt, tiếp tục duy trì phương pháp học hiện tại."
100,MS,M,15,U,LE3,A,2,1,services,services,course,mother,1,1,0,no,no,no,yes,yes,yes,yes,no,4,3,3,1,2,5,11,12,13,1,1,1,0.025462952,0.90926206,0.065274976,100,,,,,,,,,"Sinh viên đang có thành tích tốt, tiếp tục duy trì phương pháp học hiện tại."
101,GP,M,17,U,GT3,T,4,4,teacher,teacher,course,mother,1,1,0,no,yes,no,yes,no,yes,yes,no,4,2,1,1,2,5,6,10,8,0,0,1,0.39131624,0.6050713,0.003612421,101,,,,,,,,,"Sinh viên đang có thành tích tốt, tiếp tục duy trì phương pháp học hiện tại."
102,GP,M,15,U,GT3,T,4,3,teacher,other,course,mother,2,2,0,no,yes,no,no,yes,yes,yes,no,5,4,3,1,2,3,0,12,12,1,1,1,0.006657917,0.8715476,0.12179442,102,,,,,,,,,"Sinh viên đang có thành tích tốt, tiếp tục duy trì phương pháp học hiện tại."
103,GP,F,17,U,GT3,T,3,1,other,at_home,home,mother,1,1,1,no,yes,yes,no,yes,yes,yes,yes,4,1,2,1,1,3,6,10,13,1,1,1,0.004901557,0.8497618,0.14533666,103,,,,,,,,,"Sinh viên đang có thành tích tốt, tiếp tục duy trì phương pháp học hiện tại."
104,GP,F,21,U,LE3,T,4,4,other,other,reputation,other,1,3,2,no,no,yes,yes,yes,yes,yes,no,3,3,2,1,1,5,0,9,12,1,1,1,0.036836945,0.94329053,0.019872567,104,,,,,,,,,"Sinh viên đang có thành tích tốt, tiếp tục duy trì phương pháp học hiện tại."
105,MS,F,17,U,LE3,T,4,4,at_home,at_home,course,mother,1,2,0,no,yes,no,yes,yes,yes,yes,yes,2,3,4,1,1,1,4,15,14,2,2,1,0.0017570497,0.53869545,0.45954752,105,,,,,,,,,"Sinh viên đang có thành tích tốt, tiếp tục duy trì phương pháp học hiện tại."
106,GP,M,16,U,LE3,T,1,1,other,other,home,mother,2,2,0,no,yes,no,no,yes,yes,yes,no,3,4,2,1,1,5,2,9,9,0,0,1,0.29584917,0.69881713,0.0053336443,106,,,,,,,,,"Sinh viên đang có thành tích tốt, tiếp tục duy trì phương pháp học hiện tại."
107,MS,F,17,R,GT3,T,2,2,other,other,reputation,mother,2,2,0,no,yes,no,yes,yes,yes,no,no,5,3,2,1,1,1,0,15,17,2,2,2,0.0007159416,0.09195522,0.9073289,107,,,,,,,,,"Sinh viên đang có thành tích tốt, tiếp tục duy trì phương pháp học hiện tại."
108,GP,M,16,U,GT3,T,3,2,other,other,home,mother,1,1,0,no,yes,no,no,no,yes,yes,no,5,4,3,1,1,5,4,12,12,1,1,1,0.007955377,0.8855705,0.1064741,108,,,,,,,,,"Sinh viên đang có thành tích tốt, tiếp tục duy trì phương pháp học hiện tại."
109,GP,F,16,U,GT3,T,4,2,health,services,home,father,1,2,0,no,no,no,no,yes,yes,yes,yes,4,2,3,1,1,3,0,17,17,2,2,2,0.00030966016,0.06572874,0.9339616,109,,,,,,,,,"Sinh viên đang có thành tích tốt, tiếp tục duy trì phương pháp học hiện tại."
110,GP,M,17,U,LE3,A,3,2,teacher,services,home,mother,1,1,0,no,no,no,no,yes,yes,yes,no,4,4,4,3,4,3,18,13,13,1,1,1,0.0030009288,0.5484966,0.44850245,110,,,,,,,,,"Sinh viên đang có thành tích tốt, tiếp tục duy trì phương pháp học hiện tại."
111,GP,F,18,U,GT3,T,3,2,other,services,other,mother,1,3,0,no,no,no,no,yes,yes,yes,yes,5,4,3,2,3,1,4,14,16,2,2,2,0.00041074198,0.11470082,0.88488835,111,,,,,,,,,"Sinh viên đang có thành tích tốt, tiếp tục duy trì phương pháp học hiện tại."
112,GP,M,17,U,LE3,T,4,4,teacher,other,reputation,mother,1,2,0,no,yes,no,yes,yes,yes,yes,no,4,4,4,1,3,5,0,11,9,1,1,1,0.0830353,0.9023507,0.014613958,112,,,,,,,,,"Sinh viên đang có thành tích tốt, tiếp tục duy trì phương pháp học hiện tại."
113,MS,F,16,R,GT3,T,2,2,other,other,course,mother,2,2,0,no,yes,no,yes,yes,yes,yes,no,4,4,4,1,1,5,0,12,12,1,1,1,0.037214413,0.8757884,0.086997144,113,,,,,,,,,"Sinh viên đang có thành tích tốt, tiếp tục duy trì phương pháp học hiện tại."
114,GP,M,15,U,LE3,T,4,4,teacher,other,home,other,1,1,0,no,yes,no,no,no,yes,yes,yes,5,4,3,2,4,5,8,10,11,1,1,1,0.07511054,0.91103363,0.0138558,114,,,,,,,,,"Sinh viên đang có thành tích tốt, tiếp tục duy trì phương pháp học hiện tại."
115,GP,M,21,R,LE3,T,1,1,at_home,other,course,other,2,2,2,no,yes,no,yes,yes,no,yes,yes,5,3,3,5,2,4,21,9,10,1,1,1,0.42813188,0.56867105,0.0031971086,115,,,,,,,,,"Sinh viên đang có thành tích tốt, tiếp tục duy trì phương pháp học hiện tại."
116,MS,M,18,U,LE3,T,4,4,teacher,services,other,mother,2,3,0,no,no,no,no,yes,yes,yes,yes,4,2,2,2,2,5,0,15,16,2,2,2,0.00070103764,0.15014985,0.8491491,116,,,,,,,,,"Sinh viên đang có thành tích tốt, tiếp tục duy trì phương pháp học hiện tại."
117,GP,F,16,U,LE3,T,1,2,other,services,reputation,father,1,2,0,yes,no,no,yes,yes,yes,yes,no,4,4,3,1,1,1,0,13,13,1,1,1,0.0026389135,0.70221543,0.2951457,117,,,,,,,,,"Sinh viên đang có thành tích tốt, tiếp tục duy trì phương pháp học hiện tại."
118,MS,F,19,U,LE3,T,2,2,other,other,home,mother,1,3,0,no,no,no,no,yes,yes,yes,yes,5,4,5,1,1,1,0,12,13,1,1,1,0.0040141447,0.72399247,0.27199334,118,,,,,,,,,"Sinh viên đang có thành tích tốt, tiếp tục duy trì phương pháp học hiện tại."
119,GP,M,19,U,GT3,T,2,1,other,other,reputation,mother,1,1,0,no,no,no,no,yes,yes,yes,no,5,3,4,1,4,4,10,7,11,1,1,1,0.1548438,0.8377174,0.0074387887,119,,,,,,,,,"Sinh viên đang có thành tích tốt, tiếp tục duy trì phương pháp học hiện tại."
120,GP,M,15,U,LE3,T,2,2,services,services,home,mother,2,2,0,no,no,yes,yes,yes,yes,yes,no,5,3,3,1,3,4,2,13,12,1,1,1,0.008036332,0.8922715,0.09969215,120,,,,,,,,,"Sinh viên đang có thành tích tốt, tiếp tục duy trì phương pháp học hiện tại."
121,MS,F,17,R,GT3,T,2,2,at_home,other,other,mother,1,1,0,no,yes,yes,no,yes,yes,yes,no,5,1,3,1,2,5,5,9,9,0,0,0,0.55455345,0.44287395,0.0025725896,121,,,,,,,,,"Sinh viên đang có thành tích tốt, tiếp tục duy trì phương pháp học hiện tại."
122,MS,M,15,U,GT3,T,3,1,other,services,home,mother,2,1,0,no,yes,no,no,yes,yes,no,no,3,2,3,1,3,4,0,10,9,1,1,1,0.49422878,0.504351,0.00142023,122,,,,,,,,,"Sinh viên đang có thành tích tốt, tiếp tục duy trì phương pháp học hiện tại."
123,MS,F,17,R,GT3,T,1,1,other,services,reputation,mother,3,1,1,no,yes,no,no,yes,yes,yes,yes,5,2,1,1,2,1,0,8,8,0,0,1,0.44393292,0.5516223,0.004444764,123,,,,,,,,,"Sinh viên đang có thành tích tốt, tiếp tục duy trì phương pháp học hiện tại."
124,GP,M,16,U,GT3,T,4,4,health,other,course,mother,1,1,0,no,yes,no,yes,yes,yes,yes,no,3,4,4,1,4,5,4,12,13,1,1,1,0.008718917,0.7547267,0.23655441,124,,,,,,,,,"Sinh viên đang có thành tích tốt, tiếp tục duy trì phương pháp học hiện tại."
125,MS,F,16,U,LE3,T,4,1,other,other,home,mother,2,2,0,no,yes,no,yes,yes,yes,yes,no,1,2,4,2,2,1,8,9,10,1,1,1,0.36885992,0.6270813,0.0040588416,125,,,,,,,,,"Sinh viên đang có thành tích tốt, tiếp tục duy trì phương pháp học hiện tại."
126,MS,M,18,R,LE3,T,1,2,at_home,services,other,father,3,1,0,no,yes,no,yes,yes,no,yes,yes,4,3,3,2,3,3,3,9,10,1,1,1,0.19456345,0.79829085,0.0071457387,126,,,,,,,,,"Sinh viên đang có thành tích tốt, tiếp tục duy trì phương pháp học hiện tại."
127,GP,F,18,U,GT3,T,3,4,other,other,course,mother,1,1,0,no,yes,no,yes,yes,yes,yes,yes,5,4,4,1,1,1,4,11,12,1,1,1,0.0041576037,0.66852933,0.3273131,127,,,,,,,,,"Sinh viên đang có thành tích tốt, tiếp tục duy trì phương pháp học hiện tại."
128,GP,M,16,U,GT3,T,4,4,services,services,course,mother,1,3,0,no,yes,no,yes,yes,yes,yes,no,5,3,3,1,3,5,0,15,13,1,1,1,0.0014911282,0.5440726,0.45443624,128,,,,,,,,,"Sinh viên đang có thành tích tốt, tiếp tục duy trì phương pháp học hiện tại."
129,MS,M,15,U,GT3,T,3,3,services,services,course,father,2,1,0,no,yes,no,yes,no,yes,yes,no,4,3,3,2,4,3,11,12,10,1,1,1,0.29378945,0.7020922,0.0041183913,129,,,,,,,,,"Sinh viên đang có thành tích tốt, tiếp tục duy trì phương pháp học hiện tại."
