source_row_index,predicted_class,predicted_class_name,confidence,risk_band,headline,risk_factors,learning_path
0,2,High,0.710572,stable,Duy trì lộ trình học tập hiện tại,[],"[{""phase"": ""Mỗi cuối tuần"", ""goal"": ""Theo dõi tiến bộ"", ""actions"": ""Cập nhật điểm bài tập và tỷ lệ chuyên cần; nếu điểm luyện tập dưới 60% trong hai tuần liên tiếp, chuyển sang phụ đạo trực tiếp.""}]"
1,1,Medium,0.530352,high,Lộ trình can thiệp ưu tiên 4 tuần,"[{""code"": ""attendance"", ""title"": ""Nguy cơ chuyên cần"", ""evidence"": ""Vắng 12 buổi; tỷ lệ vắng/học 12.0."", ""priority"": 1}, {""code"": ""grade_gap"", ""title"": ""Kết quả giữa kỳ chưa đạt"", ""evidence"": ""G1=15, G2=13."", ""priority"": 1}, {""code"": ""study_time"", ""title"": ""Thời lượng tự học thấp"", ""evidence"": ""Mức studytime hiện tại: 1/4."", ""priority"": 2}]","[{""phase"": ""Tuần 1"", ""goal"": ""Khôi phục chuyên cần"", ""actions"": ""Lập lịch đi học đủ; đăng ký lớp bù cho nội dung G1/G2 đã bỏ lỡ; cố vấn kiểm tra chuyên cần mỗi tuần.""}, {""phase"": ""Tuần 1-2"", ""goal"": ""Bù lỗ hổng kiến thức"", ""actions"": ""Làm bài chẩn đoán theo chủ đề; học lại hai chủ đề yếu nhất; hoàn thành tối thiểu 3 bài luyện tập có phản hồi mỗi tuần.""}, {""phase"": ""Tuần 2-4"", ""goal"": ""Ổn định nếp tự học"", ""actions"": ""Tăng ít nhất 3 giờ tự học có kế hoạch mỗi tuần; chia thành các phiên 45 phút; giảm một buổi đi chơi trong tuần nếu trùng lịch học.""}, {""phase"": ""Mỗi cuối tuần"", ""goal"": ""Theo dõi tiến bộ"", ""actions"": ""Cập nhật điểm bài tập và tỷ lệ chuyên cần; nếu điểm luyện tập dưới 60% trong hai tuần liên tiếp, chuyển sang phụ đạo trực tiếp.""}]"
2,1,Medium,0.832336,moderate,Lộ trình củng cố để tiến lên nhóm High,[],"[{""phase"": ""Mỗi cuối tuần"", ""goal"": ""Theo dõi tiến bộ"", ""actions"": ""Cập nhật điểm bài tập và tỷ lệ chuyên cần; nếu điểm luyện tập dưới 60% trong hai tuần liên tiếp, chuyển sang phụ đạo trực tiếp.""}]"
3,2,High,0.751201,moderate,Lộ trình củng cố để tiến lên nhóm High,"[{""code"": ""study_time"", ""title"": ""Thời lượng tự học thấp"", ""evidence"": ""Mức studytime hiện tại: 1/4."", ""priority"": 2}, {""code"": ""time_management"", ""title"": ""Phân bổ thời gian chưa hợp lý"", ""evidence"": ""Mức goout hiện tại: 4/5."", ""priority"": 3}]","[{""phase"": ""Tuần 2-4"", ""goal"": ""Ổn định nếp tự học"", ""actions"": ""Tăng ít nhất 3 giờ tự học có kế hoạch mỗi tuần; chia thành các phiên 45 phút; giảm một buổi đi chơi trong tuần nếu trùng lịch học.""}, {""phase"": ""Mỗi cuối tuần"", ""goal"": ""Theo dõi tiến bộ"", ""actions"": ""Cập nhật điểm bài tập và tỷ lệ chuyên cần; nếu điểm luyện tập dưới 60% trong hai tuần liên tiếp, chuyển sang phụ đạo trực tiếp.""}]"
4,1,Medium,0.930997,high,Lộ trình can thiệp ưu tiên 4 tuần,"[{""code"": ""attendance"", ""title"": ""Nguy cơ chuyên cần"", ""evidence"": ""Vắng 16 buổi; tỷ lệ vắng/học 16.0."", ""priority"": 1}, {""code"": ""study_time"", ""title"": ""Thời lượng tự học thấp"", ""evidence"": ""Mức studytime hiện tại: 1/4."", ""priority"": 2}, {""code"": ""wellbeing"", ""title"": ""Thói quen sinh hoạt ảnh hưởng học tập"", ""evidence"": ""Tổng Dalc + Walc = 8."", ""priority"": 3}, {""code"": ""time_management"", ""title"": ""Phân bổ thời gian chưa hợp lý"", ""evidence"": ""Mức goout hiện tại: 4/5."", ""priority"": 3}]","[{""phase"": ""Tuần 1"", ""goal"": ""Khôi phục chuyên cần"", ""actions"": ""Lập lịch đi học đủ; đăng ký lớp bù cho nội dung G1/G2 đã bỏ lỡ; cố vấn kiểm tra chuyên cần mỗi tuần.""}, {""phase"": ""Tuần 2-4"", ""goal"": ""Ổn định nếp tự học"", ""actions"": ""Tăng ít nhất 3 giờ tự học có kế hoạch mỗi tuần; chia thành các phiên 45 phút; giảm một buổi đi chơi trong tuần nếu trùng lịch học.""}, {""phase"": ""Tuần 2-4"", ""goal"": ""Điều chỉnh thói quen sinh hoạt"", ""actions"": ""Giảm sử dụng đồ uống có cồn trong ngày học; duy trì giấc ngủ và lịch học cố định; trao đổi với cố vấn khi khó tự điều chỉnh.""}, {""phase"": ""Mỗi cuối tuần"", ""goal"": ""Theo dõi tiến bộ"", ""actions"": ""Cập nhật điểm bài tập và tỷ lệ chuyên cần; nếu điểm luyện tập dưới 60% trong hai tuần liên tiếp, chuyển sang phụ đạo trực tiếp.""}]"
5,1,Medium,0.522187,high,Lộ trình can thiệp ưu tiên 4 tuần,"[{""code"": ""grade_gap"", ""title"": ""Kết quả giữa kỳ chưa đạt"", ""evidence"": ""G1=10, G2=9."", ""priority"": 1}]","[{""phase"": ""Tuần 1-2"", ""goal"": ""Bù lỗ hổng kiến thức"", ""actions"": ""Làm bài chẩn đoán theo chủ đề; học lại hai chủ đề yếu nhất; hoàn thành tối thiểu 3 bài luyện tập có phản hồi mỗi tuần.""}, {""phase"": ""Mỗi cuối tuần"", ""goal"": ""Theo dõi tiến bộ"", ""actions"": ""Cập nhật điểm bài tập và tỷ lệ chuyên cần; nếu điểm luyện tập dưới 60% trong hai tuần liên tiếp, chuyển sang phụ đạo trực tiếp.""}]"
6,0,Low,0.722268,high,Lộ trình can thiệp ưu tiên 4 tuần,"[{""code"": ""failure_history"", ""title"": ""Lỗ hổng kiến thức tích lũy"", ""evidence"": ""Số lần trượt môn trước đây: 1."", ""priority"": 1}, {""code"": ""grade_gap"", ""title"": ""Kết quả giữa kỳ chưa đạt"", ""evidence"": ""G1=10, G2=8."", ""priority"": 1}, {""code"": ""wellbeing"", ""title"": ""Thói quen sinh hoạt ảnh hưởng học tập"", ""evidence"": ""Tổng Dalc + Walc = 8."", ""priority"": 3}, {""code"": ""time_management"", ""title"": ""Phân bổ thời gian chưa hợp lý"", ""evidence"": ""Mức goout hiện tại: 5/5."", ""priority"": 3}]","[{""phase"": ""Tuần 1-2"", ""goal"": ""Bù lỗ hổng kiến thức"", ""actions"": ""Làm bài chẩn đoán theo chủ đề; học lại hai chủ đề yếu nhất; hoàn thành tối thiểu 3 bài luyện tập có phản hồi mỗi tuần.""}, {""phase"": ""Tuần 2-4"", ""goal"": ""Ổn định nếp tự học"", ""actions"": ""Tăng ít nhất 3 giờ tự học có kế hoạch mỗi tuần; chia thành các phiên 45 phút; giảm một buổi đi chơi trong tuần nếu trùng lịch học.""}, {""phase"": ""Tuần 2-4"", ""goal"": ""Điều chỉnh thói quen sinh hoạt"", ""actions"": ""Giảm sử dụng đồ uống có cồn trong ngày học; duy trì giấc ngủ và lịch học cố định; trao đổi với cố vấn khi khó tự điều chỉnh.""}, {""phase"": ""Mỗi cuối tuần"", ""goal"": ""Theo dõi tiến bộ"", ""actions"": ""Cập nhật điểm bài tập và tỷ lệ chuyên cần; nếu điểm luyện tập dưới 60% trong hai tuần liên tiếp, chuyển sang phụ đạo trực tiếp.""}]"
7,2,High,0.757394,stable,Duy trì lộ trình học tập hiện tại,[],"[{""phase"": ""Mỗi cuối tuần"", ""goal"": ""Theo dõi tiến bộ"", ""actions"": ""Cập nhật điểm bài tập và tỷ lệ chuyên cần; nếu điểm luyện tập dưới 60% trong hai tuần liên tiếp, chuyển sang phụ đạo trực tiếp.""}]"
8,2,High,0.683897,high,Lộ trình can thiệp ưu tiên 4 tuần,"[{""code"": ""attendance"", ""title"": ""Nguy cơ chuyên cần"", ""evidence"": ""Vắng 6 buổi; tỷ lệ vắng/học 6.0."", ""priority"": 1}, {""code"": ""study_time"", ""title"": ""Thời lượng tự học thấp"", ""evidence"": ""Mức studytime hiện tại: 1/4."", ""priority"": 2}]","[{""phase"": ""Tuần 1"", ""goal"": ""Khôi phục chuyên cần"", ""actions"": ""Lập lịch đi học đủ; đăng ký lớp bù cho nội dung G1/G2 đã bỏ lỡ; cố vấn kiểm tra chuyên cần mỗi tuần.""}, {""phase"": ""Tuần 2-4"", ""goal"": ""Ổn định nếp tự học"", ""actions"": ""Tăng ít nhất 3 giờ tự học có kế hoạch mỗi tuần; chia thành các phiên 45 phút; giảm một buổi đi chơi trong tuần nếu trùng lịch học.""}, {""phase"": ""Mỗi cuối tuần"", ""goal"": ""Theo dõi tiến bộ"", ""actions"": ""Cập nhật điểm bài tập và tỷ lệ chuyên cần; nếu điểm luyện tập dưới 60% trong hai tuần liên tiếp, chuyển sang phụ đạo trực tiếp.""}]"
9,1,Medium,0.932771,moderate,Lộ trình củng cố để tiến lên nhóm High,"[{""code"": ""time_management"", ""title"": ""Phân bổ thời gian chưa hợp lý"", ""evidence"": ""Mức goout hiện tại: 4/5."", ""priority"": 3}]","[{""phase"": ""Tuần 2-4"", ""goal"": ""Ổn định nếp tự học"", ""actions"": ""Tăng ít nhất 3 giờ tự học có kế hoạch mỗi tuần; chia thành các phiên 45 phút; giảm một buổi đi chơi trong tuần nếu trùng lịch học.""}, {""phase"": ""Mỗi cuối tuần"", ""goal"": ""Theo dõi tiến bộ"", ""actions"": ""Cập nhật điểm bài tập và tỷ lệ chuyên cần; nếu điểm luyện tập dưới 60% trong hai tuần liên tiếp, chuyển sang phụ đạo trực tiếp.""}]"
10,1,Medium,0.934299,moderate,Lộ trình củng cố để tiến lên nhóm High,"[{""code"": ""wellbeing"", ""title"": ""Thói quen sinh hoạt ảnh hưởng học tập"", ""evidence"": ""Tổng Dalc + Walc = 7."", ""priority"": 3}, {""code"": ""time_management"", ""title"": ""Phân bổ thời gian chưa hợp lý"", ""evidence"": ""Mức goout hiện tại: 4/5."", ""priority"": 3}]","[{""phase"": ""Tuần 2-4"", ""goal"": ""Ổn định nếp tự học"", ""actions"": ""Tăng ít nhất 3 giờ tự học có kế hoạch mỗi tuần; chia thành các phiên 45 phút; giảm một buổi đi chơi trong tuần nếu trùng lịch học.""}, {""phase"": ""Tuần 2-4"", ""goal"": ""Điều chỉnh thói quen sinh hoạt"", ""actions"": ""Giảm sử dụng đồ uống có cồn trong ngày học; duy trì giấc ngủ và lịch học cố định; trao đổi với cố vấn khi khó tự điều chỉnh.""}, {""phase"": ""Mỗi cuối tuần"", ""goal"": ""Theo dõi tiến bộ"", ""actions"": ""Cập nhật điểm bài tập và tỷ lệ chuyên cần; nếu điểm luyện tập dưới 60% trong hai tuần liên tiếp, chuyển sang phụ đạo trực tiếp.""}]"
11,0,Low,0.969754,high,Lộ trình can thiệp ưu tiên 4 tuần,"[{""code"": ""attendance"", ""title"": ""Nguy cơ chuyên cần"", ""evidence"": ""Vắng 6 buổi; tỷ lệ vắng/học 6.0."", ""priority"": 1}, {""code"": ""grade_gap"", ""title"": ""Kết quả giữa kỳ chưa đạt"", ""evidence"": ""G1=7, G2=8."", ""priority"": 1}, {""code"": ""study_time"", ""title"": ""Thời lượng tự học thấp"", ""evidence"": ""Mức studytime hiện tại: 1/4."", ""priority"": 2}, {""code"": ""wellbeing"", ""title"": ""Thói quen sinh hoạt ảnh hưởng học tập"", ""evidence"": ""Tổng Dalc + Walc = 6."", ""priority"": 3}]","[{""phase"": ""Tuần 1"", ""goal"": ""Khôi phục chuyên cần"", ""actions"": ""Lập lịch đi học đủ; đăng ký lớp bù cho nội dung G1/G2 đã bỏ lỡ; cố vấn kiểm tra chuyên cần mỗi tuần.""}, {""phase"": ""Tuần 1-2"", ""goal"": ""Bù lỗ hổng kiến thức"", ""actions"": ""Làm bài chẩn đoán theo chủ đề; học lại hai chủ đề yếu nhất; hoàn thành tối thiểu 3 bài luyện tập có phản hồi mỗi tuần.""}, {""phase"": ""Tuần 2-4"", ""goal"": ""Ổn định nếp tự học"", ""actions"": ""Tăng ít nhất 3 giờ tự học có kế hoạch mỗi tuần; chia thành các phiên 45 phút; giảm một buổi đi chơi trong tuần nếu trùng lịch học.""}, {""phase"": ""Tuần 2-4"", ""goal"": ""Điều chỉnh thói quen sinh hoạt"", ""actions"": ""Giảm sử dụng đồ uống có cồn trong ngày học; duy trì giấc ngủ và lịch học cố định; trao đổi với cố vấn khi khó tự điều chỉnh.""}, {""phase"": ""Mỗi cuối tuần"", ""goal"": ""Theo dõi tiến bộ"", ""actions"": ""Cập nhật điểm bài tập và tỷ lệ chuyên cần; nếu điểm luyện tập dưới 60% trong hai tuần liên tiếp, chuyển sang phụ đạo trực tiếp.""}]"
12,1,Medium,0.960492,moderate,Lộ trình củng cố để tiến lên nhóm High,[],"[{""phase"": ""Mỗi cuối tuần"", ""goal"": ""Theo dõi tiến bộ"", ""actions"": ""Cập nhật điểm bài tập và tỷ lệ chuyên cần; nếu điểm luyện tập dưới 60% trong hai tuần liên tiếp, chuyển sang phụ đạo trực tiếp.""}]"
13,2,High,0.923933,stable,Duy trì lộ trình học tập hiện tại,[],"[{""phase"": ""Mỗi cuối tuần"", ""goal"": ""Theo dõi tiến bộ"", ""actions"": ""Cập nhật điểm bài tập và tỷ lệ chuyên cần; nếu điểm luyện tập dưới 60% trong hai tuần liên tiếp, chuyển sang phụ đạo trực tiếp.""}]"
14,2,High,0.944009,stable,Duy trì lộ trình học tập hiện tại,[],"[{""phase"": ""Mỗi cuối tuần"", ""goal"": ""Theo dõi tiến bộ"", ""actions"": ""Cập nhật điểm bài tập và tỷ lệ chuyên cần; nếu điểm luyện tập dưới 60% trong hai tuần liên tiếp, chuyển sang phụ đạo trực tiếp.""}]"
15,1,Medium,0.93185,high,Lộ trình can thiệp ưu tiên 4 tuần,"[{""code"": ""grade_gap"", ""title"": ""Kết quả giữa kỳ chưa đạt"", ""evidence"": ""G1=10, G2=9."", ""priority"": 1}, {""code"": ""study_time"", ""title"": ""Thời lượng tự học thấp"", ""evidence"": ""Mức studytime hiện tại: 1/4."", ""priority"": 2}, {""code"": ""wellbeing"", ""title"": ""Thói quen sinh hoạt ảnh hưởng học tập"", ""evidence"": ""Tổng Dalc + Walc = 7."", ""priority"": 3}, {""code"": ""time_management"", ""title"": ""Phân bổ thời gian chưa hợp lý"", ""evidence"": ""Mức goout hiện tại: 5/5."", ""priority"": 3}]","[{""phase"": ""Tuần 1-2"", ""goal"": ""Bù lỗ hổng kiến thức"", ""actions"": ""Làm bài chẩn đoán theo chủ đề; học lại hai chủ đề yếu nhất; hoàn thành tối thiểu 3 bài luyện tập có phản hồi mỗi tuần.""}, {""phase"": ""Tuần 2-4"", ""goal"": ""Ổn định nếp tự học"", ""actions"": ""Tăng ít nhất 3 giờ tự học có kế hoạch mỗi tuần; chia thành các phiên 45 phút; giảm một buổi đi chơi trong tuần nếu trùng lịch học.""}, {""phase"": ""Tuần 2-4"", ""goal"": ""Điều chỉnh thói quen sinh hoạt"", ""actions"": ""Giảm sử dụng đồ uống có cồn trong ngày học; duy trì giấc ngủ và lịch học cố định; trao đổi với cố vấn khi khó tự điều chỉnh.""}, {""phase"": ""Mỗi cuối tuần"", ""goal"": ""Theo dõi tiến bộ"", ""actions"": ""Cập nhật điểm bài tập và tỷ lệ chuyên cần; nếu điểm luyện tập dưới 60% trong hai tuần liên tiếp, chuyển sang phụ đạo trực tiếp.""}]"
16,2,High,0.988991,stable,Duy trì lộ trình học tập hiện tại,[],"[{""phase"": ""Mỗi cuối tuần"", ""goal"": ""Theo dõi tiến bộ"", ""actions"": ""Cập nhật điểm bài tập và tỷ lệ chuyên cần; nếu điểm luyện tập dưới 60% trong hai tuần liên tiếp, chuyển sang phụ đạo trực tiếp.""}]"
17,2,High,0.994373,moderate,Lộ trình củng cố để tiến lên nhóm High,"[{""code"": ""time_management"", ""title"": ""Phân bổ thời gian chưa hợp lý"", ""evidence"": ""Mức goout hiện tại: 5/5."", ""priority"": 3}]","[{""phase"": ""Tuần 2-4"", ""goal"": ""Ổn định nếp tự học"", ""actions"": ""Tăng ít nhất 3 giờ tự học có kế hoạch mỗi tuần; chia thành các phiên 45 phút; giảm một buổi đi chơi trong tuần nếu trùng lịch học.""}, {""phase"": ""Mỗi cuối tuần"", ""goal"": ""Theo dõi tiến bộ"", ""actions"": ""Cập nhật điểm bài tập và tỷ lệ chuyên cần; nếu điểm luyện tập dưới 60% trong hai tuần liên tiếp, chuyển sang phụ đạo trực tiếp.""}]"
18,1,Medium,0.974814,moderate,Lộ trình củng cố để tiến lên nhóm High,[],"[{""phase"": ""Mỗi cuối tuần"", ""goal"": ""Theo dõi tiến bộ"", ""actions"": ""Cập nhật điểm bài tập và tỷ lệ chuyên cần; nếu điểm luyện tập dưới 60% trong hai tuần liên tiếp, chuyển sang phụ đạo trực tiếp.""}]"
19,1,Medium,0.735387,high,Lộ trình can thiệp ưu tiên 4 tuần,"[{""code"": ""attendance"", ""title"": ""Nguy cơ chuyên cần"", ""evidence"": ""Vắng 6 buổi; tỷ lệ vắng/học 6.0."", ""priority"": 1}, {""code"": ""failure_history"", ""title"": ""Lỗ hổng kiến thức tích lũy"", ""evidence"": ""Số lần trượt môn trước đây: 1."", ""priority"": 1}, {""code"": ""study_time"", ""title"": ""Thời lượng tự học thấp"", ""evidence"": ""Mức studytime hiện tại: 1/4."", ""priority"": 2}, {""code"": ""wellbeing"", ""title"": ""Thói quen sinh hoạt ảnh hưởng học tập"", ""evidence"": ""Tổng Dalc + Walc = 8."", ""priority"": 3}, {""code"": ""time_management"", ""title"": ""Phân bổ thời gian chưa hợp lý"", ""evidence"": ""Mức goout hiện tại: 4/5."", ""priority"": 3}]","[{""phase"": ""Tuần 1"", ""goal"": ""Khôi phục chuyên cần"", ""actions"": ""Lập lịch đi học đủ; đăng ký lớp bù cho nội dung G1/G2 đã bỏ lỡ; cố vấn kiểm tra chuyên cần mỗi tuần.""}, {""phase"": ""Tuần 1-2"", ""goal"": ""Bù lỗ hổng kiến thức"", ""actions"": ""Làm bài chẩn đoán theo chủ đề; học lại hai chủ đề yếu nhất; hoàn thành tối thiểu 3 bài luyện tập có phản hồi mỗi tuần.""}, {""phase"": ""Tuần 2-4"", ""goal"": ""Ổn định nếp tự học"", ""actions"": ""Tăng ít nhất 3 giờ tự học có kế hoạch mỗi tuần; chia thành các phiên 45 phút; giảm một buổi đi chơi trong tuần nếu trùng lịch học.""}, {""phase"": ""Tuần 2-4"", ""goal"": ""Điều chỉnh thói quen sinh hoạt"", ""actions"": ""Giảm sử dụng đồ uống có cồn trong ngày học; duy trì giấc ngủ và lịch học cố định; trao đổi với cố vấn khi khó tự điều chỉnh.""}, {""phase"": ""Mỗi cuối tuần"", ""goal"": ""Theo dõi tiến bộ"", ""actions"": ""Cập nhật điểm bài tập và tỷ lệ chuyên cần; nếu điểm luyện tập dưới 60% trong hai tuần liên tiếp, chuyển sang phụ đạo trực tiếp.""}]"
20,1,Medium,0.929576,high,Lộ trình can thiệp ưu tiên 4 tuần,"[{""code"": ""grade_gap"", ""title"": ""Kết quả giữa kỳ chưa đạt"", ""evidence"": ""G1=13, G2=12."", ""priority"": 1}]","[{""phase"": ""Tuần 1-2"", ""goal"": ""Bù lỗ hổng kiến thức"", ""actions"": ""Làm bài chẩn đoán theo chủ đề; học lại hai chủ đề yếu nhất; hoàn thành tối thiểu 3 bài luyện tập có phản hồi mỗi tuần.""}, {""phase"": ""Mỗi cuối tuần"", ""goal"": ""Theo dõi tiến bộ"", ""actions"": ""Cập nhật điểm bài tập và tỷ lệ chuyên cần; nếu điểm luyện tập dưới 60% trong hai tuần liên tiếp, chuyển sang phụ đạo trực tiếp.""}]"
21,1,Medium,0.868636,high,Lộ trình can thiệp ưu tiên 4 tuần,"[{""code"": ""grade_gap"", ""title"": ""Kết quả giữa kỳ chưa đạt"", ""evidence"": ""G1=10, G2=9."", ""priority"": 1}]","[{""phase"": ""Tuần 1-2"", ""goal"": ""Bù lỗ hổng kiến thức"", ""actions"": ""Làm bài chẩn đoán theo chủ đề; học lại hai chủ đề yếu nhất; hoàn thành tối thiểu 3 bài luyện tập có phản hồi mỗi tuần.""}, {""phase"": ""Mỗi cuối tuần"", ""goal"": ""Theo dõi tiến bộ"", ""actions"": ""Cập nhật điểm bài tập và tỷ lệ chuyên cần; nếu điểm luyện tập dưới 60% trong hai tuần liên tiếp, chuyển sang phụ đạo trực tiếp.""}]"
22,1,Medium,0.930857,high,Lộ trình can thiệp ưu tiên 4 tuần,"[{""code"": ""grade_gap"", ""title"": ""Kết quả giữa kỳ chưa đạt"", ""evidence"": ""G1=13, G2=12."", ""priority"": 1}, {""code"": ""study_time"", ""title"": ""Thời lượng tự học thấp"", ""evidence"": ""Mức studytime hiện tại: 1/4."", ""priority"": 2}, {""code"": ""wellbeing"", ""title"": ""Thói quen sinh hoạt ảnh hưởng học tập"", ""evidence"": ""Tổng Dalc + Walc = 8."", ""priority"": 3}, {""code"": ""time_management"", ""title"": ""Phân bổ thời gian chưa hợp lý"", ""evidence"": ""Mức goout hiện tại: 4/5."", ""priority"": 3}]","[{""phase"": ""Tuần 1-2"", ""goal"": ""Bù lỗ hổng kiến thức"", ""actions"": ""Làm bài chẩn đoán theo chủ đề; học lại hai chủ đề yếu nhất; hoàn thành tối thiểu 3 bài luyện tập có phản hồi mỗi tuần.""}, {""phase"": ""Tuần 2-4"", ""goal"": ""Ổn định nếp tự học"", ""actions"": ""Tăng ít nhất 3 giờ tự học có kế hoạch mỗi tuần; chia thành các phiên 45 phút; giảm một buổi đi chơi trong tuần nếu trùng lịch học.""}, {""phase"": ""Tuần 2-4"", ""goal"": ""Điều chỉnh thói quen sinh hoạt"", ""actions"": ""Giảm sử dụng đồ uống có cồn trong ngày học; duy trì giấc ngủ và lịch học cố định; trao đổi với cố vấn khi khó tự điều chỉnh.""}, {""phase"": ""Mỗi cuối tuần"", ""goal"": ""Theo dõi tiến bộ"", ""actions"": ""Cập nhật điểm bài tập và tỷ lệ chuyên cần; nếu điểm luyện tập dưới 60% trong hai tuần liên tiếp, chuyển sang phụ đạo trực tiếp.""}]"
23,1,Medium,0.969057,moderate,Lộ trình củng cố để tiến lên nhóm High,[],"[{""phase"": ""Mỗi cuối tuần"", ""goal"": ""Theo dõi tiến bộ"", ""actions"": ""Cập nhật điểm bài tập và tỷ lệ chuyên cần; nếu điểm luyện tập dưới 60% trong hai tuần liên tiếp, chuyển sang phụ đạo trực tiếp.""}]"
24,1,Medium,0.804735,high,Lộ trình can thiệp ưu tiên 4 tuần,"[{""code"": ""attendance"", ""title"": ""Nguy cơ chuyên cần"", ""evidence"": ""Vắng 12 buổi; tỷ lệ vắng/học 4.0."", ""priority"": 1}, {""code"": ""wellbeing"", ""title"": ""Thói quen sinh hoạt ảnh hưởng học tập"", ""evidence"": ""Tổng Dalc + Walc = 7."", ""priority"": 3}, {""code"": ""time_management"", ""title"": ""Phân bổ thời gian chưa hợp lý"", ""evidence"": ""Mức goout hiện tại: 5/5."", ""priority"": 3}]","[{""phase"": ""Tuần 1"", ""goal"": ""Khôi phục chuyên cần"", ""actions"": ""Lập lịch đi học đủ; đăng ký lớp bù cho nội dung G1/G2 đã bỏ lỡ; cố vấn kiểm tra chuyên cần mỗi tuần.""}, {""phase"": ""Tuần 2-4"", ""goal"": ""Ổn định nếp tự học"", ""actions"": ""Tăng ít nhất 3 giờ tự học có kế hoạch mỗi tuần; chia thành các phiên 45 phút; giảm một buổi đi chơi trong tuần nếu trùng lịch học.""}, {""phase"": ""Tuần 2-4"", ""goal"": ""Điều chỉnh thói quen sinh hoạt"", ""actions"": ""Giảm sử dụng đồ uống có cồn trong ngày học; duy trì giấc ngủ và lịch học cố định; trao đổi với cố vấn khi khó tự điều chỉnh.""}, {""phase"": ""Mỗi cuối tuần"", ""goal"": ""Theo dõi tiến bộ"", ""actions"": ""Cập nhật điểm bài tập và tỷ lệ chuyên cần; nếu điểm luyện tập dưới 60% trong hai tuần liên tiếp, chuyển sang phụ đạo trực tiếp.""}]"
25,2,High,0.986506,moderate,Lộ trình củng cố để tiến lên nhóm High,"[{""code"": ""study_time"", ""title"": ""Thời lượng tự học thấp"", ""evidence"": ""Mức studytime hiện tại: 1/4."", ""priority"": 2}, {""code"": ""time_management"", ""title"": ""Phân bổ thời gian chưa hợp lý"", ""evidence"": ""Mức goout hiện tại: 4/5."", ""priority"": 3}]","[{""phase"": ""Tuần 2-4"", ""goal"": ""Ổn định nếp tự học"", ""actions"": ""Tăng ít nhất 3 giờ tự học có kế hoạch mỗi tuần; chia thành các phiên 45 phút; giảm một buổi đi chơi trong tuần nếu trùng lịch học.""}, {""phase"": ""Mỗi cuối tuần"", ""goal"": ""Theo dõi tiến bộ"", ""actions"": ""Cập nhật điểm bài tập và tỷ lệ chuyên cần; nếu điểm luyện tập dưới 60% trong hai tuần liên tiếp, chuyển sang phụ đạo trực tiếp.""}]"
26,1,Medium,0.968852,moderate,Lộ trình củng cố để tiến lên nhóm High,[],"[{""phase"": ""Mỗi cuối tuần"", ""goal"": ""Theo dõi tiến bộ"", ""actions"": ""Cập nhật điểm bài tập và tỷ lệ chuyên cần; nếu điểm luyện tập dưới 60% trong hai tuần liên tiếp, chuyển sang phụ đạo trực tiếp.""}]"
27,1,Medium,0.973254,moderate,Lộ trình củng cố để tiến lên nhóm High,"[{""code"": ""study_time"", ""title"": ""Thời lượng tự học thấp"", ""evidence"": ""Mức studytime hiện tại: 1/4."", ""priority"": 2}]","[{""phase"": ""Tuần 2-4"", ""goal"": ""Ổn định nếp tự học"", ""actions"": ""Tăng ít nhất 3 giờ tự học có kế hoạch mỗi tuần; chia thành các phiên 45 phút; giảm một buổi đi chơi trong tuần nếu trùng lịch học.""}, {""phase"": ""Mỗi cuối tuần"", ""goal"": ""Theo dõi tiến bộ"", ""actions"": ""Cập nhật điểm bài tập và tỷ lệ chuyên cần; nếu điểm luyện tập dưới 60% trong hai tuần liên tiếp, chuyển sang phụ đạo trực tiếp.""}]"
28,1,Medium,0.773633,moderate,Lộ trình củng cố để tiến lên nhóm High,[],"[{""phase"": ""Mỗi cuối tuần"", ""goal"": ""Theo dõi tiến bộ"", ""actions"": ""Cập nhật điểm bài tập và tỷ lệ chuyên cần; nếu điểm luyện tập dưới 60% trong hai tuần liên tiếp, chuyển sang phụ đạo trực tiếp.""}]"
29,1,Medium,0.850597,high,Lộ trình can thiệp ưu tiên 4 tuần,"[{""code"": ""grade_gap"", ""title"": ""Kết quả giữa kỳ chưa đạt"", ""evidence"": ""G1=15, G2=12."", ""priority"": 1}]","[{""phase"": ""Tuần 1-2"", ""goal"": ""Bù lỗ hổng kiến thức"", ""actions"": ""Làm bài chẩn đoán theo chủ đề; học lại hai chủ đề yếu nhất; hoàn thành tối thiểu 3 bài luyện tập có phản hồi mỗi tuần.""}, {""phase"": ""Mỗi cuối tuần"", ""goal"": ""Theo dõi tiến bộ"", ""actions"": ""Cập nhật điểm bài tập và tỷ lệ chuyên cần; nếu điểm luyện tập dưới 60% trong hai tuần liên tiếp, chuyển sang phụ đạo trực tiếp.""}]"
30,0,Low,0.991294,high,Lộ trình can thiệp ưu tiên 4 tuần,"[{""code"": ""grade_gap"", ""title"": ""Kết quả giữa kỳ chưa đạt"", ""evidence"": ""G1=5, G2=0."", ""priority"": 1}]","[{""phase"": ""Tuần 1-2"", ""goal"": ""Bù lỗ hổng kiến thức"", ""actions"": ""Làm bài chẩn đoán theo chủ đề; học lại hai chủ đề yếu nhất; hoàn thành tối thiểu 3 bài luyện tập có phản hồi mỗi tuần.""}, {""phase"": ""Mỗi cuối tuần"", ""goal"": ""Theo dõi tiến bộ"", ""actions"": ""Cập nhật điểm bài tập và tỷ lệ chuyên cần; nếu điểm luyện tập dưới 60% trong hai tuần liên tiếp, chuyển sang phụ đạo trực tiếp.""}]"
31,1,Medium,0.899402,moderate,Lộ trình củng cố để tiến lên nhóm High,"[{""code"": ""time_management"", ""title"": ""Phân bổ thời gian chưa hợp lý"", ""evidence"": ""Mức goout hiện tại: 4/5."", ""priority"": 3}]","[{""phase"": ""Tuần 2-4"", ""goal"": ""Ổn định nếp tự học"", ""actions"": ""Tăng ít nhất 3 giờ tự học có kế hoạch mỗi tuần; chia thành các phiên 45 phút; giảm một buổi đi chơi trong tuần nếu trùng lịch học.""}, {""phase"": ""Mỗi cuối tuần"", ""goal"": ""Theo dõi tiến bộ"", ""actions"": ""Cập nhật điểm bài tập và tỷ lệ chuyên cần; nếu điểm luyện tập dưới 60% trong hai tuần liên tiếp, chuyển sang phụ đạo trực tiếp.""}]"
32,0,Low,0.836943,high,Lộ trình can thiệp ưu tiên 4 tuần,"[{""code"": ""grade_gap"", ""title"": ""Kết quả giữa kỳ chưa đạt"", ""evidence"": ""G1=7, G2=9."", ""priority"": 1}, {""code"": ""time_management"", ""title"": ""Phân bổ thời gian chưa hợp lý"", ""evidence"": ""Mức goout hiện tại: 4/5."", ""priority"": 3}]","[{""phase"": ""Tuần 1-2"", ""goal"": ""Bù lỗ hổng kiến thức"", ""actions"": ""Làm bài chẩn đoán theo chủ đề; học lại hai chủ đề yếu nhất; hoàn thành tối thiểu 3 bài luyện tập có phản hồi mỗi tuần.""}, {""phase"": ""Tuần 2-4"", ""goal"": ""Ổn định nếp tự học"", ""actions"": ""Tăng ít nhất 3 giờ tự học có kế hoạch mỗi tuần; chia thành các phiên 45 phút; giảm một buổi đi chơi trong tuần nếu trùng lịch học.""}, {""phase"": ""Mỗi cuối tuần"", ""goal"": ""Theo dõi tiến bộ"", ""actions"": ""Cập nhật điểm bài tập và tỷ lệ chuyên cần; nếu điểm luyện tập dưới 60% trong hai tuần liên tiếp, chuyển sang phụ đạo trực tiếp.""}]"
33,1,Medium,0.971228,moderate,Lộ trình củng cố để tiến lên nhóm High,[],"[{""phase"": ""Mỗi cuối tuần"", ""goal"": ""Theo dõi tiến bộ"", ""actions"": ""Cập nhật điểm bài tập và tỷ lệ chuyên cần; nếu điểm luyện tập dưới 60% trong hai tuần liên tiếp, chuyển sang phụ đạo trực tiếp.""}]"
34,1,Medium,0.871426,high,Lộ trình can thiệp ưu tiên 4 tuần,"[{""code"": ""grade_gap"", ""title"": ""Kết quả giữa kỳ chưa đạt"", ""evidence"": ""G1=10, G2=9."", ""priority"": 1}]","[{""phase"": ""Tuần 1-2"", ""goal"": ""Bù lỗ hổng kiến thức"", ""actions"": ""Làm bài chẩn đoán theo chủ đề; học lại hai chủ đề yếu nhất; hoàn thành tối thiểu 3 bài luyện tập có phản hồi mỗi tuần.""}, {""phase"": ""Mỗi cuối tuần"", ""goal"": ""Theo dõi tiến bộ"", ""actions"": ""Cập nhật điểm bài tập và tỷ lệ chuyên cần; nếu điểm luyện tập dưới 60% trong hai tuần liên tiếp, chuyển sang phụ đạo trực tiếp.""}]"
35,1,Medium,0.914235,high,Lộ trình can thiệp ưu tiên 4 tuần,"[{""code"": ""attendance"", ""title"": ""Nguy cơ chuyên cần"", ""evidence"": ""Vắng 15 buổi; tỷ lệ vắng/học 7.5."", ""priority"": 1}, {""code"": ""grade_gap"", ""title"": ""Kết quả giữa kỳ chưa đạt"", ""evidence"": ""G1=13, G2=12."", ""priority"": 1}, {""code"": ""wellbeing"", ""title"": ""Thói quen sinh hoạt ảnh hưởng học tập"", ""evidence"": ""Tổng Dalc + Walc = 9."", ""priority"": 3}, {""code"": ""time_management"", ""title"": ""Phân bổ thời gian chưa hợp lý"", ""evidence"": ""Mức goout hiện tại: 5/5."", ""priority"": 3}]","[{""phase"": ""Tuần 1"", ""goal"": ""Khôi phục chuyên cần"", ""actions"": ""Lập lịch đi học đủ; đăng ký lớp bù cho nội dung G1/G2 đã bỏ lỡ; cố vấn kiểm tra chuyên cần mỗi tuần.""}, {""phase"": ""Tuần 1-2"", ""goal"": ""Bù lỗ hổng kiến thức"", ""actions"": ""Làm bài chẩn đoán theo chủ đề; học lại hai chủ đề yếu nhất; hoàn thành tối thiểu 3 bài luyện tập có phản hồi mỗi tuần.""}, {""phase"": ""Tuần 2-4"", ""goal"": ""Ổn định nếp tự học"", ""actions"": ""Tăng ít nhất 3 giờ tự học có kế hoạch mỗi tuần; chia thành các phiên 45 phút; giảm một buổi đi chơi trong tuần nếu trùng lịch học.""}, {""phase"": ""Tuần 2-4"", ""goal"": ""Điều chỉnh thói quen sinh hoạt"", ""actions"": ""Giảm sử dụng đồ uống có cồn trong ngày học; duy trì giấc ngủ và lịch học cố định; trao đổi với cố vấn khi khó tự điều chỉnh.""}, {""phase"": ""Mỗi cuối tuần"", ""goal"": ""Theo dõi tiến bộ"", ""actions"": ""Cập nhật điểm bài tập và tỷ lệ chuyên cần; nếu điểm luyện tập dưới 60% trong hai tuần liên tiếp, chuyển sang phụ đạo trực tiếp.""}]"
36,0,Low,0.934626,high,Lộ trình can thiệp ưu tiên 4 tuần,"[{""code"": ""attendance"", ""title"": ""Nguy cơ chuyên cần"", ""evidence"": ""Vắng 8 buổi; tỷ lệ vắng/học 8.0."", ""priority"": 1}, {""code"": ""grade_gap"", ""title"": ""Kết quả giữa kỳ chưa đạt"", ""evidence"": ""G1=8, G2=8."", ""priority"": 1}, {""code"": ""study_time"", ""title"": ""Thời lượng tự học thấp"", ""evidence"": ""Mức studytime hiện tại: 1/4."", ""priority"": 2}, {""code"": ""time_management"", ""title"": ""Phân bổ thời gian chưa hợp lý"", ""evidence"": ""Mức goout hiện tại: 4/5."", ""priority"": 3}]","[{""phase"": ""Tuần 1"", ""goal"": ""Khôi phục chuyên cần"", ""actions"": ""Lập lịch đi học đủ; đăng ký lớp bù cho nội dung G1/G2 đã bỏ lỡ; cố vấn kiểm tra chuyên cần mỗi tuần.""}, {""phase"": ""Tuần 1-2"", ""goal"": ""Bù lỗ hổng kiến thức"", ""actions"": ""Làm bài chẩn đoán theo chủ đề; học lại hai chủ đề yếu nhất; hoàn thành tối thiểu 3 bài luyện tập có phản hồi mỗi tuần.""}, {""phase"": ""Tuần 2-4"", ""goal"": ""Ổn định nếp tự học"", ""actions"": ""Tăng ít nhất 3 giờ tự học có kế hoạch mỗi tuần; chia thành các phiên 45 phút; giảm một buổi đi chơi trong tuần nếu trùng lịch học.""}, {""phase"": ""Mỗi cuối tuần"", ""goal"": ""Theo dõi tiến bộ"", ""actions"": ""Cập nhật điểm bài tập và tỷ lệ chuyên cần; nếu điểm luyện tập dưới 60% trong hai tuần liên tiếp, chuyển sang phụ đạo trực tiếp.""}]"
37,1,Medium,0.957982,moderate,Lộ trình củng cố để tiến lên nhóm High,[],"[{""phase"": ""Mỗi cuối tuần"", ""goal"": ""Theo dõi tiến bộ"", ""actions"": ""Cập nhật điểm bài tập và tỷ lệ chuyên cần; nếu điểm luyện tập dưới 60% trong hai tuần liên tiếp, chuyển sang phụ đạo trực tiếp.""}]"
38,2,High,0.670959,stable,Duy trì lộ trình học tập hiện tại,[],"[{""phase"": ""Mỗi cuối tuần"", ""goal"": ""Theo dõi tiến bộ"", ""actions"": ""Cập nhật điểm bài tập và tỷ lệ chuyên cần; nếu điểm luyện tập dưới 60% trong hai tuần liên tiếp, chuyển sang phụ đạo trực tiếp.""}]"
39,1,Medium,0.947221,moderate,Lộ trình củng cố để tiến lên nhóm High,[],"[{""phase"": ""Mỗi cuối tuần"", ""goal"": ""Theo dõi tiến bộ"", ""actions"": ""Cập nhật điểm bài tập và tỷ lệ chuyên cần; nếu điểm luyện tập dưới 60% trong hai tuần liên tiếp, chuyển sang phụ đạo trực tiếp.""}]"
40,0,Low,0.810316,high,Lộ trình can thiệp ưu tiên 4 tuần,"[{""code"": ""grade_gap"", ""title"": ""Kết quả giữa kỳ chưa đạt"", ""evidence"": ""G1=9, G2=9."", ""priority"": 1}, {""code"": ""study_time"", ""title"": ""Thời lượng tự học thấp"", ""evidence"": ""Mức studytime hiện tại: 1/4."", ""priority"": 2}]","[{""phase"": ""Tuần 1-2"", ""goal"": ""Bù lỗ hổng kiến thức"", ""actions"": ""Làm bài chẩn đoán theo chủ đề; học lại hai chủ đề yếu nhất; hoàn thành tối thiểu 3 bài luyện tập có phản hồi mỗi tuần.""}, {""phase"": ""Tuần 2-4"", ""goal"": ""Ổn định nếp tự học"", ""actions"": ""Tăng ít nhất 3 giờ tự học có kế hoạch mỗi tuần; chia thành các phiên 45 phút; giảm một buổi đi chơi trong tuần nếu trùng lịch học.""}, {""phase"": ""Mỗi cuối tuần"", ""goal"": ""Theo dõi tiến bộ"", ""actions"": ""Cập nhật điểm bài tập và tỷ lệ chuyên cần; nếu điểm luyện tập dưới 60% trong hai tuần liên tiếp, chuyển sang phụ đạo trực tiếp.""}]"
41,0,Low,0.920565,high,Lộ trình can thiệp ưu tiên 4 tuần,"[{""code"": ""grade_gap"", ""title"": ""Kết quả giữa kỳ chưa đạt"", ""evidence"": ""G1=8, G2=8."", ""priority"": 1}, {""code"": ""time_management"", ""title"": ""Phân bổ thời gian chưa hợp lý"", ""evidence"": ""Mức goout hiện tại: 5/5."", ""priority"": 3}]","[{""phase"": ""Tuần 1-2"", ""goal"": ""Bù lỗ hổng kiến thức"", ""actions"": ""Làm bài chẩn đoán theo chủ đề; học lại hai chủ đề yếu nhất; hoàn thành tối thiểu 3 bài luyện tập có phản hồi mỗi tuần.""}, {""phase"": ""Tuần 2-4"", ""goal"": ""Ổn định nếp tự học"", ""actions"": ""Tăng ít nhất 3 giờ tự học có kế hoạch mỗi tuần; chia thành các phiên 45 phút; giảm một buổi đi chơi trong tuần nếu trùng lịch học.""}, {""phase"": ""Mỗi cuối tuần"", ""goal"": ""Theo dõi tiến bộ"", ""actions"": ""Cập nhật điểm bài tập và tỷ lệ chuyên cần; nếu điểm luyện tập dưới 60% trong hai tuần liên tiếp, chuyển sang phụ đạo trực tiếp.""}]"
42,2,High,0.672622,moderate,Lộ trình củng cố để tiến lên nhóm High,"[{""code"": ""study_time"", ""title"": ""Thời lượng tự học thấp"", ""evidence"": ""Mức studytime hiện tại: 1/4."", ""priority"": 2}]","[{""phase"": ""Tuần 2-4"", ""goal"": ""Ổn định nếp tự học"", ""actions"": ""Tăng ít nhất 3 giờ tự học có kế hoạch mỗi tuần; chia thành các phiên 45 phút; giảm một buổi đi chơi trong tuần nếu trùng lịch học.""}, {""phase"": ""Mỗi cuối tuần"", ""goal"": ""Theo dõi tiến bộ"", ""actions"": ""Cập nhật điểm bài tập và tỷ lệ chuyên cần; nếu điểm luyện tập dưới 60% trong hai tuần liên tiếp, chuyển sang phụ đạo trực tiếp.""}]"
43,0,Low,0.980199,high,Lộ trình can thiệp ưu tiên 4 tuần,"[{""code"": ""failure_history"", ""title"": ""Lỗ hổng kiến thức tích lũy"", ""evidence"": ""Số lần trượt môn trước đây: 2."", ""priority"": 1}, {""code"": ""grade_gap"", ""title"": ""Kết quả giữa kỳ chưa đạt"", ""evidence"": ""G1=7, G2=6."", ""priority"": 1}, {""code"": ""time_management"", ""title"": ""Phân bổ thời gian chưa hợp lý"", ""evidence"": ""Mức goout hiện tại: 4/5."", ""priority"": 3}]","[{""phase"": ""Tuần 1-2"", ""goal"": ""Bù lỗ hổng kiến thức"", ""actions"": ""Làm bài chẩn đoán theo chủ đề; học lại hai chủ đề yếu nhất; hoàn thành tối thiểu 3 bài luyện tập có phản hồi mỗi tuần.""}, {""phase"": ""Tuần 2-4"", ""goal"": ""Ổn định nếp tự học"", ""actions"": ""Tăng ít nhất 3 giờ tự học có kế hoạch mỗi tuần; chia thành các phiên 45 phút; giảm một buổi đi chơi trong tuần nếu trùng lịch học.""}, {""phase"": ""Mỗi cuối tuần"", ""goal"": ""Theo dõi tiến bộ"", ""actions"": ""Cập nhật điểm bài tập và tỷ lệ chuyên cần; nếu điểm luyện tập dưới 60% trong hai tuần liên tiếp, chuyển sang phụ đạo trực tiếp.""}]"
44,2,High,0.783044,high,Lộ trình can thiệp ưu tiên 4 tuần,"[{""code"": ""grade_gap"", ""title"": ""Kết quả giữa kỳ chưa đạt"", ""evidence"": ""G1=15, G2=14."", ""priority"": 1}]","[{""phase"": ""Tuần 1-2"", ""goal"": ""Bù lỗ hổng kiến thức"", ""actions"": ""Làm bài chẩn đoán theo chủ đề; học lại hai chủ đề yếu nhất; hoàn thành tối thiểu 3 bài luyện tập có phản hồi mỗi tuần.""}, {""phase"": ""Mỗi cuối tuần"", ""goal"": ""Theo dõi tiến bộ"", ""actions"": ""Cập nhật điểm bài tập và tỷ lệ chuyên cần; nếu điểm luyện tập dưới 60% trong hai tuần liên tiếp, chuyển sang phụ đạo trực tiếp.""}]"
45,1,Medium,0.886654,moderate,Lộ trình củng cố để tiến lên nhóm High,[],"[{""phase"": ""Mỗi cuối tuần"", ""goal"": ""Theo dõi tiến bộ"", ""actions"": ""Cập nhật điểm bài tập và tỷ lệ chuyên cần; nếu điểm luyện tập dưới 60% trong hai tuần liên tiếp, chuyển sang phụ đạo trực tiếp.""}]"
46,0,Low,0.900357,high,Lộ trình can thiệp ưu tiên 4 tuần,"[{""code"": ""grade_gap"", ""title"": ""Kết quả giữa kỳ chưa đạt"", ""evidence"": ""G1=8, G2=8."", ""priority"": 1}, {""code"": ""time_management"", ""title"": ""Phân bổ thời gian chưa hợp lý"", ""evidence"": ""Mức goout hiện tại: 4/5."", ""priority"": 3}]","[{""phase"": ""Tuần 1-2"", ""goal"": ""Bù lỗ hổng kiến thức"", ""actions"": ""Làm bài chẩn đoán theo chủ đề; học lại hai chủ đề yếu nhất; hoàn thành tối thiểu 3 bài luyện tập có phản hồi mỗi tuần.""}, {""phase"": ""Tuần 2-4"", ""goal"": ""Ổn định nếp tự học"", ""actions"": ""Tăng ít nhất 3 giờ tự học có kế hoạch mỗi tuần; chia thành các phiên 45 phút; giảm một buổi đi chơi trong tuần nếu trùng lịch học.""}, {""phase"": ""Mỗi cuối tuần"", ""goal"": ""Theo dõi tiến bộ"", ""actions"": ""Cập nhật điểm bài tập và tỷ lệ chuyên cần; nếu điểm luyện tập dưới 60% trong hai tuần liên tiếp, chuyển sang phụ đạo trực tiếp.""}]"
47,1,Medium,0.923761,moderate,Lộ trình củng cố để tiến lên nhóm High,"[{""code"": ""study_time"", ""title"": ""Thời lượng tự học thấp"", ""evidence"": ""Mức studytime hiện tại: 1/4."", ""priority"": 2}]","[{""phase"": ""Tuần 2-4"", ""goal"": ""Ổn định nếp tự học"", ""actions"": ""Tăng ít nhất 3 giờ tự học có kế hoạch mỗi tuần; chia thành các phiên 45 phút; giảm một buổi đi chơi trong tuần nếu trùng lịch học.""}, {""phase"": ""Mỗi cuối tuần"", ""goal"": ""Theo dõi tiến bộ"", ""actions"": ""Cập nhật điểm bài tập và tỷ lệ chuyên cần; nếu điểm luyện tập dưới 60% trong hai tuần liên tiếp, chuyển sang phụ đạo trực tiếp.""}]"
48,2,High,0.885182,moderate,Lộ trình củng cố để tiến lên nhóm High,"[{""code"": ""time_management"", ""title"": ""Phân bổ thời gian chưa hợp lý"", ""evidence"": ""Mức goout hiện tại: 5/5."", ""priority"": 3}]","[{""phase"": ""Tuần 2-4"", ""goal"": ""Ổn định nếp tự học"", ""actions"": ""Tăng ít nhất 3 giờ tự học có kế hoạch mỗi tuần; chia thành các phiên 45 phút; giảm một buổi đi chơi trong tuần nếu trùng lịch học.""}, {""phase"": ""Mỗi cuối tuần"", ""goal"": ""Theo dõi tiến bộ"", ""actions"": ""Cập nhật điểm bài tập và tỷ lệ chuyên cần; nếu điểm luyện tập dưới 60% trong hai tuần liên tiếp, chuyển sang phụ đạo trực tiếp.""}]"
49,1,Medium,0.962577,moderate,Lộ trình củng cố để tiến lên nhóm High,[],"[{""phase"": ""Mỗi cuối tuần"", ""goal"": ""Theo dõi tiến bộ"", ""actions"": ""Cập nhật điểm bài tập và tỷ lệ chuyên cần; nếu điểm luyện tập dưới 60% trong hai tuần liên tiếp, chuyển sang phụ đạo trực tiếp.""}]"
50,1,Medium,0.962113,high,Lộ trình can thiệp ưu tiên 4 tuần,"[{""code"": ""attendance"", ""title"": ""Nguy cơ chuyên cần"", ""evidence"": ""Vắng 14 buổi; tỷ lệ vắng/học 7.0."", ""priority"": 1}, {""code"": ""grade_gap"", ""title"": ""Kết quả giữa kỳ chưa đạt"", ""evidence"": ""G1=12, G2=11."", ""priority"": 1}]","[{""phase"": ""Tuần 1"", ""goal"": ""Khôi phục chuyên cần"", ""actions"": ""Lập lịch đi học đủ; đăng ký lớp bù cho nội dung G1/G2 đã bỏ lỡ; cố vấn kiểm tra chuyên cần mỗi tuần.""}, {""phase"": ""Tuần 1-2"", ""goal"": ""Bù lỗ hổng kiến thức"", ""actions"": ""Làm bài chẩn đoán theo chủ đề; học lại hai chủ đề yếu nhất; hoàn thành tối thiểu 3 bài luyện tập có phản hồi mỗi tuần.""}, {""phase"": ""Mỗi cuối tuần"", ""goal"": ""Theo dõi tiến bộ"", ""actions"": ""Cập nhật điểm bài tập và tỷ lệ chuyên cần; nếu điểm luyện tập dưới 60% trong hai tuần liên tiếp, chuyển sang phụ đạo trực tiếp.""}]"
51,2,High,0.741839,high,Lộ trình can thiệp ưu tiên 4 tuần,"[{""code"": ""grade_gap"", ""title"": ""Kết quả giữa kỳ chưa đạt"", ""evidence"": ""G1=15, G2=14."", ""priority"": 1}]","[{""phase"": ""Tuần 1-2"", ""goal"": ""Bù lỗ hổng kiến thức"", ""actions"": ""Làm bài chẩn đoán theo chủ đề; học lại hai chủ đề yếu nhất; hoàn thành tối thiểu 3 bài luyện tập có phản hồi mỗi tuần.""}, {""phase"": ""Mỗi cuối tuần"", ""goal"": ""Theo dõi tiến bộ"", ""actions"": ""Cập nhật điểm bài tập và tỷ lệ chuyên cần; nếu điểm luyện tập dưới 60% trong hai tuần liên tiếp, chuyển sang phụ đạo trực tiếp.""}]"
52,0,Low,0.89271,high,Lộ trình can thiệp ưu tiên 4 tuần,"[{""code"": ""failure_history"", ""title"": ""Lỗ hổng kiến thức tích lũy"", ""evidence"": ""Số lần trượt môn trước đây: 1."", ""priority"": 1}, {""code"": ""grade_gap"", ""title"": ""Kết quả giữa kỳ chưa đạt"", ""evidence"": ""G1=9, G2=8."", ""priority"": 1}, {""code"": ""wellbeing"", ""title"": ""Thói quen sinh hoạt ảnh hưởng học tập"", ""evidence"": ""Tổng Dalc + Walc = 7."", ""priority"": 3}]","[{""phase"": ""Tuần 1-2"", ""goal"": ""Bù lỗ hổng kiến thức"", ""actions"": ""Làm bài chẩn đoán theo chủ đề; học lại hai chủ đề yếu nhất; hoàn thành tối thiểu 3 bài luyện tập có phản hồi mỗi tuần.""}, {""phase"": ""Tuần 2-4"", ""goal"": ""Điều chỉnh thói quen sinh hoạt"", ""actions"": ""Giảm sử dụng đồ uống có cồn trong ngày học; duy trì giấc ngủ và lịch học cố định; trao đổi với cố vấn khi khó tự điều chỉnh.""}, {""phase"": ""Mỗi cuối tuần"", ""goal"": ""Theo dõi tiến bộ"", ""actions"": ""Cập nhật điểm bài tập và tỷ lệ chuyên cần; nếu điểm luyện tập dưới 60% trong hai tuần liên tiếp, chuyển sang phụ đạo trực tiếp.""}]"
53,1,Medium,0.862457,moderate,Lộ trình củng cố để tiến lên nhóm High,[],"[{""phase"": ""Mỗi cuối tuần"", ""goal"": ""Theo dõi tiến bộ"", ""actions"": ""Cập nhật điểm bài tập và tỷ lệ chuyên cần; nếu điểm luyện tập dưới 60% trong hai tuần liên tiếp, chuyển sang phụ đạo trực tiếp.""}]"
54,0,Low,0.982381,high,Lộ trình can thiệp ưu tiên 4 tuần,"[{""code"": ""grade_gap"", ""title"": ""Kết quả giữa kỳ chưa đạt"", ""evidence"": ""G1=7, G2=5."", ""priority"": 1}, {""code"": ""wellbeing"", ""title"": ""Thói quen sinh hoạt ảnh hưởng học tập"", ""evidence"": ""Tổng Dalc + Walc = 6."", ""priority"": 3}]","[{""phase"": ""Tuần 1-2"", ""goal"": ""Bù lỗ hổng kiến thức"", ""actions"": ""Làm bài chẩn đoán theo chủ đề; học lại hai chủ đề yếu nhất; hoàn thành tối thiểu 3 bài luyện tập có phản hồi mỗi tuần.""}, {""phase"": ""Tuần 2-4"", ""goal"": ""Điều chỉnh thói quen sinh hoạt"", ""actions"": ""Giảm sử dụng đồ uống có cồn trong ngày học; duy trì giấc ngủ và lịch học cố định; trao đổi với cố vấn khi khó tự điều chỉnh.""}, {""phase"": ""Mỗi cuối tuần"", ""goal"": ""Theo dõi tiến bộ"", ""actions"": ""Cập nhật điểm bài tập và tỷ lệ chuyên cần; nếu điểm luyện tập dưới 60% trong hai tuần liên tiếp, chuyển sang phụ đạo trực tiếp.""}]"
55,1,Medium,0.925254,moderate,Lộ trình củng cố để tiến lên nhóm High,[],"[{""phase"": ""Mỗi cuối tuần"", ""goal"": ""Theo dõi tiến bộ"", ""actions"": ""Cập nhật điểm bài tập và tỷ lệ chuyên cần; nếu điểm luyện tập dưới 60% trong hai tuần liên tiếp, chuyển sang phụ đạo trực tiếp.""}]"
56,2,High,0.975478,moderate,Lộ trình củng cố để tiến lên nhóm High,"[{""code"": ""time_management"", ""title"": ""Phân bổ thời gian chưa hợp lý"", ""evidence"": ""Mức goout hiện tại: 4/5."", ""priority"": 3}]","[{""phase"": ""Tuần 2-4"", ""goal"": ""Ổn định nếp tự học"", ""actions"": ""Tăng ít nhất 3 giờ tự học có kế hoạch mỗi tuần; chia thành các phiên 45 phút; giảm một buổi đi chơi trong tuần nếu trùng lịch học.""}, {""phase"": ""Mỗi cuối tuần"", ""goal"": ""Theo dõi tiến bộ"", ""actions"": ""Cập nhật điểm bài tập và tỷ lệ chuyên cần; nếu điểm luyện tập dưới 60% trong hai tuần liên tiếp, chuyển sang phụ đạo trực tiếp.""}]"
57,0,Low,0.836521,high,Lộ trình can thiệp ưu tiên 4 tuần,"[{""code"": ""failure_history"", ""title"": ""Lỗ hổng kiến thức tích lũy"", ""evidence"": ""Số lần trượt môn trước đây: 1."", ""priority"": 1}, {""code"": ""grade_gap"", ""title"": ""Kết quả giữa kỳ chưa đạt"", ""evidence"": ""G1=8, G2=9."", ""priority"": 1}, {""code"": ""time_management"", ""title"": ""Phân bổ thời gian chưa hợp lý"", ""evidence"": ""Mức goout hiện tại: 4/5."", ""priority"": 3}]","[{""phase"": ""Tuần 1-2"", ""goal"": ""Bù lỗ hổng kiến thức"", ""actions"": ""Làm bài chẩn đoán theo chủ đề; học lại hai chủ đề yếu nhất; hoàn thành tối thiểu 3 bài luyện tập có phản hồi mỗi tuần.""}, {""phase"": ""Tuần 2-4"", ""goal"": ""Ổn định nếp tự học"", ""actions"": ""Tăng ít nhất 3 giờ tự học có kế hoạch mỗi tuần; chia thành các phiên 45 phút; giảm một buổi đi chơi trong tuần nếu trùng lịch học.""}, {""phase"": ""Mỗi cuối tuần"", ""goal"": ""Theo dõi tiến bộ"", ""actions"": ""Cập nhật điểm bài tập và tỷ lệ chuyên cần; nếu điểm luyện tập dưới 60% trong hai tuần liên tiếp, chuyển sang phụ đạo trực tiếp.""}]"
58,0,Low,0.990237,high,Lộ trình can thiệp ưu tiên 4 tuần,"[{""code"": ""failure_history"", ""title"": ""Lỗ hổng kiến thức tích lũy"", ""evidence"": ""Số lần trượt môn trước đây: 1."", ""priority"": 1}, {""code"": ""grade_gap"", ""title"": ""Kết quả giữa kỳ chưa đạt"", ""evidence"": ""G1=9, G2=0."", ""priority"": 1}]","[{""phase"": ""Tuần 1-2"", ""goal"": ""Bù lỗ hổng kiến thức"", ""actions"": ""Làm bài chẩn đoán theo chủ đề; học lại hai chủ đề yếu nhất; hoàn thành tối thiểu 3 bài luyện tập có phản hồi mỗi tuần.""}, {""phase"": ""Mỗi cuối tuần"", ""goal"": ""Theo dõi tiến bộ"", ""actions"": ""Cập nhật điểm bài tập và tỷ lệ chuyên cần; nếu điểm luyện tập dưới 60% trong hai tuần liên tiếp, chuyển sang phụ đạo trực tiếp.""}]"
59,1,Medium,0.971686,moderate,Lộ trình củng cố để tiến lên nhóm High,[],"[{""phase"": ""Mỗi cuối tuần"", ""goal"": ""Theo dõi tiến bộ"", ""actions"": ""Cập nhật điểm bài tập và tỷ lệ chuyên cần; nếu điểm luyện tập dưới 60% trong hai tuần liên tiếp, chuyển sang phụ đạo trực tiếp.""}]"
60,2,High,0.986776,moderate,Lộ trình củng cố để tiến lên nhóm High,"[{""code"": ""time_management"", ""title"": ""Phân bổ thời gian chưa hợp lý"", ""evidence"": ""Mức goout hiện tại: 4/5."", ""priority"": 3}]","[{""phase"": ""Tuần 2-4"", ""goal"": ""Ổn định nếp tự học"", ""actions"": ""Tăng ít nhất 3 giờ tự học có kế hoạch mỗi tuần; chia thành các phiên 45 phút; giảm một buổi đi chơi trong tuần nếu trùng lịch học.""}, {""phase"": ""Mỗi cuối tuần"", ""goal"": ""Theo dõi tiến bộ"", ""actions"": ""Cập nhật điểm bài tập và tỷ lệ chuyên cần; nếu điểm luyện tập dưới 60% trong hai tuần liên tiếp, chuyển sang phụ đạo trực tiếp.""}]"
61,0,Low,0.718834,high,Lộ trình can thiệp ưu tiên 4 tuần,"[{""code"": ""failure_history"", ""title"": ""Lỗ hổng kiến thức tích lũy"", ""evidence"": ""Số lần trượt môn trước đây: 3."", ""priority"": 1}, {""code"": ""grade_gap"", ""title"": ""Kết quả giữa kỳ chưa đạt"", ""evidence"": ""G1=9, G2=9."", ""priority"": 1}, {""code"": ""study_time"", ""title"": ""Thời lượng tự học thấp"", ""evidence"": ""Mức studytime hiện tại: 1/4."", ""priority"": 2}]","[{""phase"": ""Tuần 1-2"", ""goal"": ""Bù lỗ hổng kiến thức"", ""actions"": ""Làm bài chẩn đoán theo chủ đề; học lại hai chủ đề yếu nhất; hoàn thành tối thiểu 3 bài luyện tập có phản hồi mỗi tuần.""}, {""phase"": ""Tuần 2-4"", ""goal"": ""Ổn định nếp tự học"", ""actions"": ""Tăng ít nhất 3 giờ tự học có kế hoạch mỗi tuần; chia thành các phiên 45 phút; giảm một buổi đi chơi trong tuần nếu trùng lịch học.""}, {""phase"": ""Mỗi cuối tuần"", ""goal"": ""Theo dõi tiến bộ"", ""actions"": ""Cập nhật điểm bài tập và tỷ lệ chuyên cần; nếu điểm luyện tập dưới 60% trong hai tuần liên tiếp, chuyển sang phụ đạo trực tiếp.""}]"
62,1,Medium,0.905513,moderate,Lộ trình củng cố để tiến lên nhóm High,[],"[{""phase"": ""Mỗi cuối tuần"", ""goal"": ""Theo dõi tiến bộ"", ""actions"": ""Cập nhật điểm bài tập và tỷ lệ chuyên cần; nếu điểm luyện tập dưới 60% trong hai tuần liên tiếp, chuyển sang phụ đạo trực tiếp.""}]"
63,2,High,0.985903,stable,Duy trì lộ trình học tập hiện tại,[],"[{""phase"": ""Mỗi cuối tuần"", ""goal"": ""Theo dõi tiến bộ"", ""actions"": ""Cập nhật điểm bài tập và tỷ lệ chuyên cần; nếu điểm luyện tập dưới 60% trong hai tuần liên tiếp, chuyển sang phụ đạo trực tiếp.""}]"
64,2,High,0.718026,stable,Duy trì lộ trình học tập hiện tại,[],"[{""phase"": ""Mỗi cuối tuần"", ""goal"": ""Theo dõi tiến bộ"", ""actions"": ""Cập nhật điểm bài tập và tỷ lệ chuyên cần; nếu điểm luyện tập dưới 60% trong hai tuần liên tiếp, chuyển sang phụ đạo trực tiếp.""}]"
65,1,Medium,0.960646,moderate,Lộ trình củng cố để tiến lên nhóm High,"[{""code"": ""time_management"", ""title"": ""Phân bổ thời gian chưa hợp lý"", ""evidence"": ""Mức goout hiện tại: 5/5."", ""priority"": 3}]","[{""phase"": ""Tuần 2-4"", ""goal"": ""Ổn định nếp tự học"", ""actions"": ""Tăng ít nhất 3 giờ tự học có kế hoạch mỗi tuần; chia thành các phiên 45 phút; giảm một buổi đi chơi trong tuần nếu trùng lịch học.""}, {""phase"": ""Mỗi cuối tuần"", ""goal"": ""Theo dõi tiến bộ"", ""actions"": ""Cập nhật điểm bài tập và tỷ lệ chuyên cần; nếu điểm luyện tập dưới 60% trong hai tuần liên tiếp, chuyển sang phụ đạo trực tiếp.""}]"
66,0,Low,0.992467,high,Lộ trình can thiệp ưu tiên 4 tuần,"[{""code"": ""attendance"", ""title"": ""Nguy cơ chuyên cần"", ""evidence"": ""Vắng 12 buổi; tỷ lệ vắng/học 12.0."", ""priority"": 1}, {""code"": ""failure_history"", ""title"": ""Lỗ hổng kiến thức tích lũy"", ""evidence"": ""Số lần trượt môn trước đây: 1."", ""priority"": 1}, {""code"": ""grade_gap"", ""title"": ""Kết quả giữa kỳ chưa đạt"", ""evidence"": ""G1=6, G2=7."", ""priority"": 1}, {""code"": ""study_time"", ""title"": ""Thời lượng tự học thấp"", ""evidence"": ""Mức studytime hiện tại: 1/4."", ""priority"": 2}, {""code"": ""wellbeing"", ""title"": ""Thói quen sinh hoạt ảnh hưởng học tập"", ""evidence"": ""Tổng Dalc + Walc = 10."", ""priority"": 3}, {""code"": ""time_management"", ""title"": ""Phân bổ thời gian chưa hợp lý"", ""evidence"": ""Mức goout hiện tại: 5/5."", ""priority"": 3}]","[{""phase"": ""Tuần 1"", ""goal"": ""Khôi phục chuyên cần"", ""actions"": ""Lập lịch đi học đủ; đăng ký lớp bù cho nội dung G1/G2 đã bỏ lỡ; cố vấn kiểm tra chuyên cần mỗi tuần.""}, {""phase"": ""Tuần 1-2"", ""goal"": ""Bù lỗ hổng kiến thức"", ""actions"": ""Làm bài chẩn đoán theo chủ đề; học lại hai chủ đề yếu nhất; hoàn thành tối thiểu 3 bài luyện tập có phản hồi mỗi tuần.""}, {""phase"": ""Tuần 2-4"", ""goal"": ""Ổn định nếp tự học"", ""actions"": ""Tăng ít nhất 3 giờ tự học có kế hoạch mỗi tuần; chia thành các phiên 45 phút; giảm một buổi đi chơi trong tuần nếu trùng lịch học.""}, {""phase"": ""Tuần 2-4"", ""goal"": ""Điều chỉnh thói quen sinh hoạt"", ""actions"": ""Giảm sử dụng đồ uống có cồn trong ngày học; duy trì giấc ngủ và lịch học cố định; trao đổi với cố vấn khi khó tự điều chỉnh.""}, {""phase"": ""Mỗi cuối tuần"", ""goal"": ""Theo dõi tiến bộ"", ""actions"": ""Cập nhật điểm bài tập và tỷ lệ chuyên cần; nếu điểm luyện tập dưới 60% trong hai tuần liên tiếp, chuyển sang phụ đạo trực tiếp.""}]"
67,1,Medium,0.965968,high,Lộ trình can thiệp ưu tiên 4 tuần,"[{""code"": ""grade_gap"", ""title"": ""Kết quả giữa kỳ chưa đạt"", ""evidence"": ""G1=13, G2=12."", ""priority"": 1}, {""code"": ""time_management"", ""title"": ""Phân bổ thời gian chưa hợp lý"", ""evidence"": ""Mức goout hiện tại: 4/5."", ""priority"": 3}]","[{""phase"": ""Tuần 1-2"", ""goal"": ""Bù lỗ hổng kiến thức"", ""actions"": ""Làm bài chẩn đoán theo chủ đề; học lại hai chủ đề yếu nhất; hoàn thành tối thiểu 3 bài luyện tập có phản hồi mỗi tuần.""}, {""phase"": ""Tuần 2-4"", ""goal"": ""Ổn định nếp tự học"", ""actions"": ""Tăng ít nhất 3 giờ tự học có kế hoạch mỗi tuần; chia thành các phiên 45 phút; giảm một buổi đi chơi trong tuần nếu trùng lịch học.""}, {""phase"": ""Mỗi cuối tuần"", ""goal"": ""Theo dõi tiến bộ"", ""actions"": ""Cập nhật điểm bài tập và tỷ lệ chuyên cần; nếu điểm luyện tập dưới 60% trong hai tuần liên tiếp, chuyển sang phụ đạo trực tiếp.""}]"
68,1,Medium,0.939225,high,Lộ trình can thiệp ưu tiên 4 tuần,"[{""code"": ""grade_gap"", ""title"": ""Kết quả giữa kỳ chưa đạt"", ""evidence"": ""G1=13, G2=12."", ""priority"": 1}, {""code"": ""time_management"", ""title"": ""Phân bổ thời gian chưa hợp lý"", ""evidence"": ""Mức goout hiện tại: 4/5."", ""priority"": 3}]","[{""phase"": ""Tuần 1-2"", ""goal"": ""Bù lỗ hổng kiến thức"", ""actions"": ""Làm bài chẩn đoán theo chủ đề; học lại hai chủ đề yếu nhất; hoàn thành tối thiểu 3 bài luyện tập có phản hồi mỗi tuần.""}, {""phase"": ""Tuần 2-4"", ""goal"": ""Ổn định nếp tự học"", ""actions"": ""Tăng ít nhất 3 giờ tự học có kế hoạch mỗi tuần; chia thành các phiên 45 phút; giảm một buổi đi chơi trong tuần nếu trùng lịch học.""}, {""phase"": ""Mỗi cuối tuần"", ""goal"": ""Theo dõi tiến bộ"", ""actions"": ""Cập nhật điểm bài tập và tỷ lệ chuyên cần; nếu điểm luyện tập dưới 60% trong hai tuần liên tiếp, chuyển sang phụ đạo trực tiếp.""}]"
69,1,Medium,0.957727,high,Lộ trình can thiệp ưu tiên 4 tuần,"[{""code"": ""attendance"", ""title"": ""Nguy cơ chuyên cần"", ""evidence"": ""Vắng 8 buổi; tỷ lệ vắng/học 8.0."", ""priority"": 1}, {""code"": ""grade_gap"", ""title"": ""Kết quả giữa kỳ chưa đạt"", ""evidence"": ""G1=12, G2=11."", ""priority"": 1}, {""code"": ""study_time"", ""title"": ""Thời lượng tự học thấp"", ""evidence"": ""Mức studytime hiện tại: 1/4."", ""priority"": 2}]","[{""phase"": ""Tuần 1"", ""goal"": ""Khôi phục chuyên cần"", ""actions"": ""Lập lịch đi học đủ; đăng ký lớp bù cho nội dung G1/G2 đã bỏ lỡ; cố vấn kiểm tra chuyên cần mỗi tuần.""}, {""phase"": ""Tuần 1-2"", ""goal"": ""Bù lỗ hổng kiến thức"", ""actions"": ""Làm bài chẩn đoán theo chủ đề; học lại hai chủ đề yếu nhất; hoàn thành tối thiểu 3 bài luyện tập có phản hồi mỗi tuần.""}, {""phase"": ""Tuần 2-4"", ""goal"": ""Ổn định nếp tự học"", ""actions"": ""Tăng ít nhất 3 giờ tự học có kế hoạch mỗi tuần; chia thành các phiên 45 phút; giảm một buổi đi chơi trong tuần nếu trùng lịch học.""}, {""phase"": ""Mỗi cuối tuần"", ""goal"": ""Theo dõi tiến bộ"", ""actions"": ""Cập nhật điểm bài tập và tỷ lệ chuyên cần; nếu điểm luyện tập dưới 60% trong hai tuần liên tiếp, chuyển sang phụ đạo trực tiếp.""}]"
70,1,Medium,0.940025,high,Lộ trình can thiệp ưu tiên 4 tuần,"[{""code"": ""attendance"", ""title"": ""Nguy cơ chuyên cần"", ""evidence"": ""Vắng 16 buổi; tỷ lệ vắng/học 8.0."", ""priority"": 1}, {""code"": ""wellbeing"", ""title"": ""Thói quen sinh hoạt ảnh hưởng học tập"", ""evidence"": ""Tổng Dalc + Walc = 6."", ""priority"": 3}, {""code"": ""time_management"", ""title"": ""Phân bổ thời gian chưa hợp lý"", ""evidence"": ""Mức goout hiện tại: 5/5."", ""priority"": 3}]","[{""phase"": ""Tuần 1"", ""goal"": ""Khôi phục chuyên cần"", ""actions"": ""Lập lịch đi học đủ; đăng ký lớp bù cho nội dung G1/G2 đã bỏ lỡ; cố vấn kiểm tra chuyên cần mỗi tuần.""}, {""phase"": ""Tuần 2-4"", ""goal"": ""Ổn định nếp tự học"", ""actions"": ""Tăng ít nhất 3 giờ tự học có kế hoạch mỗi tuần; chia thành các phiên 45 phút; giảm một buổi đi chơi trong tuần nếu trùng lịch học.""}, {""phase"": ""Tuần 2-4"", ""goal"": ""Điều chỉnh thói quen sinh hoạt"", ""actions"": ""Giảm sử dụng đồ uống có cồn trong ngày học; duy trì giấc ngủ và lịch học cố định; trao đổi với cố vấn khi khó tự điều chỉnh.""}, {""phase"": ""Mỗi cuối tuần"", ""goal"": ""Theo dõi tiến bộ"", ""actions"": ""Cập nhật điểm bài tập và tỷ lệ chuyên cần; nếu điểm luyện tập dưới 60% trong hai tuần liên tiếp, chuyển sang phụ đạo trực tiếp.""}]"
71,1,Medium,0.987311,moderate,Lộ trình củng cố để tiến lên nhóm High,[],"[{""phase"": ""Mỗi cuối tuần"", ""goal"": ""Theo dõi tiến bộ"", ""actions"": ""Cập nhật điểm bài tập và tỷ lệ chuyên cần; nếu điểm luyện tập dưới 60% trong hai tuần liên tiếp, chuyển sang phụ đạo trực tiếp.""}]"
72,0,Low,0.853292,high,Lộ trình can thiệp ưu tiên 4 tuần,"[{""code"": ""attendance"", ""title"": ""Nguy cơ chuyên cần"", ""evidence"": ""Vắng 14 buổi; tỷ lệ vắng/học 14.0."", ""priority"": 1}, {""code"": ""failure_history"", ""title"": ""Lỗ hổng kiến thức tích lũy"", ""evidence"": ""Số lần trượt môn trước đây: 3."", ""priority"": 1}, {""code"": ""grade_gap"", ""title"": ""Kết quả giữa kỳ chưa đạt"", ""evidence"": ""G1=9, G2=8."", ""priority"": 1}, {""code"": ""study_time"", ""title"": ""Thời lượng tự học thấp"", ""evidence"": ""Mức studytime hiện tại: 1/4."", ""priority"": 2}, {""code"": ""wellbeing"", ""title"": ""Thói quen sinh hoạt ảnh hưởng học tập"", ""evidence"": ""Tổng Dalc + Walc = 6."", ""priority"": 3}]","[{""phase"": ""Tuần 1"", ""goal"": ""Khôi phục chuyên cần"", ""actions"": ""Lập lịch đi học đủ; đăng ký lớp bù cho nội dung G1/G2 đã bỏ lỡ; cố vấn kiểm tra chuyên cần mỗi tuần.""}, {""phase"": ""Tuần 1-2"", ""goal"": ""Bù lỗ hổng kiến thức"", ""actions"": ""Làm bài chẩn đoán theo chủ đề; học lại hai chủ đề yếu nhất; hoàn thành tối thiểu 3 bài luyện tập có phản hồi mỗi tuần.""}, {""phase"": ""Tuần 2-4"", ""goal"": ""Ổn định nếp tự học"", ""actions"": ""Tăng ít nhất 3 giờ tự học có kế hoạch mỗi tuần; chia thành các phiên 45 phút; giảm một buổi đi chơi trong tuần nếu trùng lịch học.""}, {""phase"": ""Tuần 2-4"", ""goal"": ""Điều chỉnh thói quen sinh hoạt"", ""actions"": ""Giảm sử dụng đồ uống có cồn trong ngày học; duy trì giấc ngủ và lịch học cố định; trao đổi với cố vấn khi khó tự điều chỉnh.""}, {""phase"": ""Mỗi cuối tuần"", ""goal"": ""Theo dõi tiến bộ"", ""actions"": ""Cập nhật điểm bài tập và tỷ lệ chuyên cần; nếu điểm luyện tập dưới 60% trong hai tuần liên tiếp, chuyển sang phụ đạo trực tiếp.""}]"
73,2,High,0.995251,stable,Duy trì lộ trình học tập hiện tại,[],"[{""phase"": ""Mỗi cuối tuần"", ""goal"": ""Theo dõi tiến bộ"", ""actions"": ""Cập nhật điểm bài tập và tỷ lệ chuyên cần; nếu điểm luyện tập dưới 60% trong hai tuần liên tiếp, chuyển sang phụ đạo trực tiếp.""}]"
74,1,Medium,0.922671,high,Lộ trình can thiệp ưu tiên 4 tuần,"[{""code"": ""attendance"", ""title"": ""Nguy cơ chuyên cần"", ""evidence"": ""Vắng 12 buổi; tỷ lệ vắng/học 6.0."", ""priority"": 1}, {""code"": ""time_management"", ""title"": ""Phân bổ thời gian chưa hợp lý"", ""evidence"": ""Mức goout hiện tại: 5/5."", ""priority"": 3}]","[{""phase"": ""Tuần 1"", ""goal"": ""Khôi phục chuyên cần"", ""actions"": ""Lập lịch đi học đủ; đăng ký lớp bù cho nội dung G1/G2 đã bỏ lỡ; cố vấn kiểm tra chuyên cần mỗi tuần.""}, {""phase"": ""Tuần 2-4"", ""goal"": ""Ổn định nếp tự học"", ""actions"": ""Tăng ít nhất 3 giờ tự học có kế hoạch mỗi tuần; chia thành các phiên 45 phút; giảm một buổi đi chơi trong tuần nếu trùng lịch học.""}, {""phase"": ""Mỗi cuối tuần"", ""goal"": ""Theo dõi tiến bộ"", ""actions"": ""Cập nhật điểm bài tập và tỷ lệ chuyên cần; nếu điểm luyện tập dưới 60% trong hai tuần liên tiếp, chuyển sang phụ đạo trực tiếp.""}]"
75,1,Medium,0.583891,moderate,Lộ trình củng cố để tiến lên nhóm High,"[{""code"": ""time_management"", ""title"": ""Phân bổ thời gian chưa hợp lý"", ""evidence"": ""Mức goout hiện tại: 4/5."", ""priority"": 3}]","[{""phase"": ""Tuần 2-4"", ""goal"": ""Ổn định nếp tự học"", ""actions"": ""Tăng ít nhất 3 giờ tự học có kế hoạch mỗi tuần; chia thành các phiên 45 phút; giảm một buổi đi chơi trong tuần nếu trùng lịch học.""}, {""phase"": ""Mỗi cuối tuần"", ""goal"": ""Theo dõi tiến bộ"", ""actions"": ""Cập nhật điểm bài tập và tỷ lệ chuyên cần; nếu điểm luyện tập dưới 60% trong hai tuần liên tiếp, chuyển sang phụ đạo trực tiếp.""}]"
76,1,Medium,0.897554,moderate,Lộ trình củng cố để tiến lên nhóm High,"[{""code"": ""study_time"", ""title"": ""Thời lượng tự học thấp"", ""evidence"": ""Mức studytime hiện tại: 1/4."", ""priority"": 2}, {""code"": ""time_management"", ""title"": ""Phân bổ thời gian chưa hợp lý"", ""evidence"": ""Mức goout hiện tại: 5/5."", ""priority"": 3}]","[{""phase"": ""Tuần 2-4"", ""goal"": ""Ổn định nếp tự học"", ""actions"": ""Tăng ít nhất 3 giờ tự học có kế hoạch mỗi tuần; chia thành các phiên 45 phút; giảm một buổi đi chơi trong tuần nếu trùng lịch học.""}, {""phase"": ""Mỗi cuối tuần"", ""goal"": ""Theo dõi tiến bộ"", ""actions"": ""Cập nhật điểm bài tập và tỷ lệ chuyên cần; nếu điểm luyện tập dưới 60% trong hai tuần liên tiếp, chuyển sang phụ đạo trực tiếp.""}]"
77,1,Medium,0.689325,high,Lộ trình can thiệp ưu tiên 4 tuần,"[{""code"": ""grade_gap"", ""title"": ""Kết quả giữa kỳ chưa đạt"", ""evidence"": ""G1=10, G2=9."", ""priority"": 1}]","[{""phase"": ""Tuần 1-2"", ""goal"": ""Bù lỗ hổng kiến thức"", ""actions"": ""Làm bài chẩn đoán theo chủ đề; học lại hai chủ đề yếu nhất; hoàn thành tối thiểu 3 bài luyện tập có phản hồi mỗi tuần.""}, {""phase"": ""Mỗi cuối tuần"", ""goal"": ""Theo dõi tiến bộ"", ""actions"": ""Cập nhật điểm bài tập và tỷ lệ chuyên cần; nếu điểm luyện tập dưới 60% trong hai tuần liên tiếp, chuyển sang phụ đạo trực tiếp.""}]"
78,1,Medium,0.932978,moderate,Lộ trình củng cố để tiến lên nhóm High,[],"[{""phase"": ""Mỗi cuối tuần"", ""goal"": ""Theo dõi tiến bộ"", ""actions"": ""Cập nhật điểm bài tập và tỷ lệ chuyên cần; nếu điểm luyện tập dưới 60% trong hai tuần liên tiếp, chuyển sang phụ đạo trực tiếp.""}]"
79,1,Medium,0.960137,moderate,Lộ trình củng cố để tiến lên nhóm High,[],"[{""phase"": ""Mỗi cuối tuần"", ""goal"": ""Theo dõi tiến bộ"", ""actions"": ""Cập nhật điểm bài tập và tỷ lệ chuyên cần; nếu điểm luyện tập dưới 60% trong hai tuần liên tiếp, chuyển sang phụ đạo trực tiếp.""}]"
80,1,Medium,0.965692,high,Lộ trình can thiệp ưu tiên 4 tuần,"[{""code"": ""grade_gap"", ""title"": ""Kết quả giữa kỳ chưa đạt"", ""evidence"": ""G1=12, G2=10."", ""priority"": 1}, {""code"": ""study_time"", ""title"": ""Thời lượng tự học thấp"", ""evidence"": ""Mức studytime hiện tại: 1/4."", ""priority"": 2}]","[{""phase"": ""Tuần 1-2"", ""goal"": ""Bù lỗ hổng kiến thức"", ""actions"": ""Làm bài chẩn đoán theo chủ đề; học lại hai chủ đề yếu nhất; hoàn thành tối thiểu 3 bài luyện tập có phản hồi mỗi tuần.""}, {""phase"": ""Tuần 2-4"", ""goal"": ""Ổn định nếp tự học"", ""actions"": ""Tăng ít nhất 3 giờ tự học có kế hoạch mỗi tuần; chia thành các phiên 45 phút; giảm một buổi đi chơi trong tuần nếu trùng lịch học.""}, {""phase"": ""Mỗi cuối tuần"", ""goal"": ""Theo dõi tiến bộ"", ""actions"": ""Cập nhật điểm bài tập và tỷ lệ chuyên cần; nếu điểm luyện tập dưới 60% trong hai tuần liên tiếp, chuyển sang phụ đạo trực tiếp.""}]"
81,2,High,0.98893,stable,Duy trì lộ trình học tập hiện tại,[],"[{""phase"": ""Mỗi cuối tuần"", ""goal"": ""Theo dõi tiến bộ"", ""actions"": ""Cập nhật điểm bài tập và tỷ lệ chuyên cần; nếu điểm luyện tập dưới 60% trong hai tuần liên tiếp, chuyển sang phụ đạo trực tiếp.""}]"
82,1,Medium,0.522844,moderate,Lộ trình củng cố để tiến lên nhóm High,[],"[{""phase"": ""Mỗi cuối tuần"", ""goal"": ""Theo dõi tiến bộ"", ""actions"": ""Cập nhật điểm bài tập và tỷ lệ chuyên cần; nếu điểm luyện tập dưới 60% trong hai tuần liên tiếp, chuyển sang phụ đạo trực tiếp.""}]"
83,0,Low,0.559447,high,Lộ trình can thiệp ưu tiên 4 tuần,"[{""code"": ""grade_gap"", ""title"": ""Kết quả giữa kỳ chưa đạt"", ""evidence"": ""G1=10, G2=9."", ""priority"": 1}, {""code"": ""study_time"", ""title"": ""Thời lượng tự học thấp"", ""evidence"": ""Mức studytime hiện tại: 1/4."", ""priority"": 2}, {""code"": ""time_management"", ""title"": ""Phân bổ thời gian chưa hợp lý"", ""evidence"": ""Mức goout hiện tại: 5/5."", ""priority"": 3}]","[{""phase"": ""Tuần 1-2"", ""goal"": ""Bù lỗ hổng kiến thức"", ""actions"": ""Làm bài chẩn đoán theo chủ đề; học lại hai chủ đề yếu nhất; hoàn thành tối thiểu 3 bài luyện tập có phản hồi mỗi tuần.""}, {""phase"": ""Tuần 2-4"", ""goal"": ""Ổn định nếp tự học"", ""actions"": ""Tăng ít nhất 3 giờ tự học có kế hoạch mỗi tuần; chia thành các phiên 45 phút; giảm một buổi đi chơi trong tuần nếu trùng lịch học.""}, {""phase"": ""Mỗi cuối tuần"", ""goal"": ""Theo dõi tiến bộ"", ""actions"": ""Cập nhật điểm bài tập và tỷ lệ chuyên cần; nếu điểm luyện tập dưới 60% trong hai tuần liên tiếp, chuyển sang phụ đạo trực tiếp.""}]"
84,1,Medium,0.832785,high,Lộ trình can thiệp ưu tiên 4 tuần,"[{""code"": ""failure_history"", ""title"": ""Lỗ hổng kiến thức tích lũy"", ""evidence"": ""Số lần trượt môn trước đây: 1."", ""priority"": 1}, {""code"": ""time_management"", ""title"": ""Phân bổ thời gian chưa hợp lý"", ""evidence"": ""Mức goout hiện tại: 5/5."", ""priority"": 3}]","[{""phase"": ""Tuần 1-2"", ""goal"": ""Bù lỗ hổng kiến thức"", ""actions"": ""Làm bài chẩn đoán theo chủ đề; học lại hai chủ đề yếu nhất; hoàn thành tối thiểu 3 bài luyện tập có phản hồi mỗi tuần.""}, {""phase"": ""Tuần 2-4"", ""goal"": ""Ổn định nếp tự học"", ""actions"": ""Tăng ít nhất 3 giờ tự học có kế hoạch mỗi tuần; chia thành các phiên 45 phút; giảm một buổi đi chơi trong tuần nếu trùng lịch học.""}, {""phase"": ""Mỗi cuối tuần"", ""goal"": ""Theo dõi tiến bộ"", ""actions"": ""Cập nhật điểm bài tập và tỷ lệ chuyên cần; nếu điểm luyện tập dưới 60% trong hai tuần liên tiếp, chuyển sang phụ đạo trực tiếp.""}]"
85,0,Low,0.996631,high,Lộ trình can thiệp ưu tiên 4 tuần,"[{""code"": ""failure_history"", ""title"": ""Lỗ hổng kiến thức tích lũy"", ""evidence"": ""Số lần trượt môn trước đây: 1."", ""priority"": 1}, {""code"": ""grade_gap"", ""title"": ""Kết quả giữa kỳ chưa đạt"", ""evidence"": ""G1=4, G2=0."", ""priority"": 1}, {""code"": ""study_time"", ""title"": ""Thời lượng tự học thấp"", ""evidence"": ""Mức studytime hiện tại: 1/4."", ""priority"": 2}]","[{""phase"": ""Tuần 1-2"", ""goal"": ""Bù lỗ hổng kiến thức"", ""actions"": ""Làm bài chẩn đoán theo chủ đề; học lại hai chủ đề yếu nhất; hoàn thành tối thiểu 3 bài luyện tập có phản hồi mỗi tuần.""}, {""phase"": ""Tuần 2-4"", ""goal"": ""Ổn định nếp tự học"", ""actions"": ""Tăng ít nhất 3 giờ tự học có kế hoạch mỗi tuần; chia thành các phiên 45 phút; giảm một buổi đi chơi trong tuần nếu trùng lịch học.""}, {""phase"": ""Mỗi cuối tuần"", ""goal"": ""Theo dõi tiến bộ"", ""actions"": ""Cập nhật điểm bài tập và tỷ lệ chuyên cần; nếu điểm luyện tập dưới 60% trong hai tuần liên tiếp, chuyển sang phụ đạo trực tiếp.""}]"
86,1,Medium,0.953141,high,Lộ trình can thiệp ưu tiên 4 tuần,"[{""code"": ""grade_gap"", ""title"": ""Kết quả giữa kỳ chưa đạt"", ""evidence"": ""G1=13, G2=12."", ""priority"": 1}]","[{""phase"": ""Tuần 1-2"", ""goal"": ""Bù lỗ hổng kiến thức"", ""actions"": ""Làm bài chẩn đoán theo chủ đề; học lại hai chủ đề yếu nhất; hoàn thành tối thiểu 3 bài luyện tập có phản hồi mỗi tuần.""}, {""phase"": ""Mỗi cuối tuần"", ""goal"": ""Theo dõi tiến bộ"", ""actions"": ""Cập nhật điểm bài tập và tỷ lệ chuyên cần; nếu điểm luyện tập dưới 60% trong hai tuần liên tiếp, chuyển sang phụ đạo trực tiếp.""}]"
87,1,Medium,0.932953,high,Lộ trình can thiệp ưu tiên 4 tuần,"[{""code"": ""attendance"", ""title"": ""Nguy cơ chuyên cần"", ""evidence"": ""Vắng 16 buổi; tỷ lệ vắng/học 8.0."", ""priority"": 1}]","[{""phase"": ""Tuần 1"", ""goal"": ""Khôi phục chuyên cần"", ""actions"": ""Lập lịch đi học đủ; đăng ký lớp bù cho nội dung G1/G2 đã bỏ lỡ; cố vấn kiểm tra chuyên cần mỗi tuần.""}, {""phase"": ""Mỗi cuối tuần"", ""goal"": ""Theo dõi tiến bộ"", ""actions"": ""Cập nhật điểm bài tập và tỷ lệ chuyên cần; nếu điểm luyện tập dưới 60% trong hai tuần liên tiếp, chuyển sang phụ đạo trực tiếp.""}]"
88,0,Low,0.97719,high,Lộ trình can thiệp ưu tiên 4 tuần,"[{""code"": ""attendance"", ""title"": ""Nguy cơ chuyên cần"", ""evidence"": ""Vắng 14 buổi; tỷ lệ vắng/học 14.0."", ""priority"": 1}, {""code"": ""failure_history"", ""title"": ""Lỗ hổng kiến thức tích lũy"", ""evidence"": ""Số lần trượt môn trước đây: 1."", ""priority"": 1}, {""code"": ""grade_gap"", ""title"": ""Kết quả giữa kỳ chưa đạt"", ""evidence"": ""G1=8, G2=7."", ""priority"": 1}, {""code"": ""study_time"", ""title"": ""Thời lượng tự học thấp"", ""evidence"": ""Mức studytime hiện tại: 1/4."", ""priority"": 2}]","[{""phase"": ""Tuần 1"", ""goal"": ""Khôi phục chuyên cần"", ""actions"": ""Lập lịch đi học đủ; đăng ký lớp bù cho nội dung G1/G2 đã bỏ lỡ; cố vấn kiểm tra chuyên cần mỗi tuần.""}, {""phase"": ""Tuần 1-2"", ""goal"": ""Bù lỗ hổng kiến thức"", ""actions"": ""Làm bài chẩn đoán theo chủ đề; học lại hai chủ đề yếu nhất; hoàn thành tối thiểu 3 bài luyện tập có phản hồi mỗi tuần.""}, {""phase"": ""Tuần 2-4"", ""goal"": ""Ổn định nếp tự học"", ""actions"": ""Tăng ít nhất 3 giờ tự học có kế hoạch mỗi tuần; chia thành các phiên 45 phút; giảm một buổi đi chơi trong tuần nếu trùng lịch học.""}, {""phase"": ""Mỗi cuối tuần"", ""goal"": ""Theo dõi tiến bộ"", ""actions"": ""Cập nhật điểm bài tập và tỷ lệ chuyên cần; nếu điểm luyện tập dưới 60% trong hai tuần liên tiếp, chuyển sang phụ đạo trực tiếp.""}]"
89,1,Medium,0.631471,moderate,Lộ trình củng cố để tiến lên nhóm High,"[{""code"": ""study_time"", ""title"": ""Thời lượng tự học thấp"", ""evidence"": ""Mức studytime hiện tại: 1/4."", ""priority"": 2}]","[{""phase"": ""Tuần 2-4"", ""goal"": ""Ổn định nếp tự học"", ""actions"": ""Tăng ít nhất 3 giờ tự học có kế hoạch mỗi tuần; chia thành các phiên 45 phút; giảm một buổi đi chơi trong tuần nếu trùng lịch học.""}, {""phase"": ""Mỗi cuối tuần"", ""goal"": ""Theo dõi tiến bộ"", ""actions"": ""Cập nhật điểm bài tập và tỷ lệ chuyên cần; nếu điểm luyện tập dưới 60% trong hai tuần liên tiếp, chuyển sang phụ đạo trực tiếp.""}]"
90,1,Medium,0.92151,high,Lộ trình can thiệp ưu tiên 4 tuần,"[{""code"": ""grade_gap"", ""title"": ""Kết quả giữa kỳ chưa đạt"", ""evidence"": ""G1=13, G2=12."", ""priority"": 1}, {""code"": ""study_time"", ""title"": ""Thời lượng tự học thấp"", ""evidence"": ""Mức studytime hiện tại: 1/4."", ""priority"": 2}, {""code"": ""time_management"", ""title"": ""Phân bổ thời gian chưa hợp lý"", ""evidence"": ""Mức goout hiện tại: 4/5."", ""priority"": 3}]","[{""phase"": ""Tuần 1-2"", ""goal"": ""Bù lỗ hổng kiến thức"", ""actions"": ""Làm bài chẩn đoán theo chủ đề; học lại hai chủ đề yếu nhất; hoàn thành tối thiểu 3 bài luyện tập có phản hồi mỗi tuần.""}, {""phase"": ""Tuần 2-4"", ""goal"": ""Ổn định nếp tự học"", ""actions"": ""Tăng ít nhất 3 giờ tự học có kế hoạch mỗi tuần; chia thành các phiên 45 phút; giảm một buổi đi chơi trong tuần nếu trùng lịch học.""}, {""phase"": ""Mỗi cuối tuần"", ""goal"": ""Theo dõi tiến bộ"", ""actions"": ""Cập nhật điểm bài tập và tỷ lệ chuyên cần; nếu điểm luyện tập dưới 60% trong hai tuần liên tiếp, chuyển sang phụ đạo trực tiếp.""}]"
91,1,Medium,0.968618,high,Lộ trình can thiệp ưu tiên 4 tuần,"[{""code"": ""grade_gap"", ""title"": ""Kết quả giữa kỳ chưa đạt"", ""evidence"": ""G1=11, G2=10."", ""priority"": 1}, {""code"": ""time_management"", ""title"": ""Phân bổ thời gian chưa hợp lý"", ""evidence"": ""Mức goout hiện tại: 4/5."", ""priority"": 3}]","[{""phase"": ""Tuần 1-2"", ""goal"": ""Bù lỗ hổng kiến thức"", ""actions"": ""Làm bài chẩn đoán theo chủ đề; học lại hai chủ đề yếu nhất; hoàn thành tối thiểu 3 bài luyện tập có phản hồi mỗi tuần.""}, {""phase"": ""Tuần 2-4"", ""goal"": ""Ổn định nếp tự học"", ""actions"": ""Tăng ít nhất 3 giờ tự học có kế hoạch mỗi tuần; chia thành các phiên 45 phút; giảm một buổi đi chơi trong tuần nếu trùng lịch học.""}, {""phase"": ""Mỗi cuối tuần"", ""goal"": ""Theo dõi tiến bộ"", ""actions"": ""Cập nhật điểm bài tập và tỷ lệ chuyên cần; nếu điểm luyện tập dưới 60% trong hai tuần liên tiếp, chuyển sang phụ đạo trực tiếp.""}]"
92,2,High,0.905818,stable,Duy trì lộ trình học tập hiện tại,[],"[{""phase"": ""Mỗi cuối tuần"", ""goal"": ""Theo dõi tiến bộ"", ""actions"": ""Cập nhật điểm bài tập và tỷ lệ chuyên cần; nếu điểm luyện tập dưới 60% trong hai tuần liên tiếp, chuyển sang phụ đạo trực tiếp.""}]"
93,1,Medium,0.764306,high,Lộ trình can thiệp ưu tiên 4 tuần,"[{""code"": ""attendance"", ""title"": ""Nguy cơ chuyên cần"", ""evidence"": ""Vắng 8 buổi; tỷ lệ vắng/học 8.0."", ""priority"": 1}, {""code"": ""failure_history"", ""title"": ""Lỗ hổng kiến thức tích lũy"", ""evidence"": ""Số lần trượt môn trước đây: 1."", ""priority"": 1}, {""code"": ""grade_gap"", ""title"": ""Kết quả giữa kỳ chưa đạt"", ""evidence"": ""G1=11, G2=9."", ""priority"": 1}, {""code"": ""study_time"", ""title"": ""Thời lượng tự học thấp"", ""evidence"": ""Mức studytime hiện tại: 1/4."", ""priority"": 2}]","[{""phase"": ""Tuần 1"", ""goal"": ""Khôi phục chuyên cần"", ""actions"": ""Lập lịch đi học đủ; đăng ký lớp bù cho nội dung G1/G2 đã bỏ lỡ; cố vấn kiểm tra chuyên cần mỗi tuần.""}, {""phase"": ""Tuần 1-2"", ""goal"": ""Bù lỗ hổng kiến thức"", ""actions"": ""Làm bài chẩn đoán theo chủ đề; học lại hai chủ đề yếu nhất; hoàn thành tối thiểu 3 bài luyện tập có phản hồi mỗi tuần.""}, {""phase"": ""Tuần 2-4"", ""goal"": ""Ổn định nếp tự học"", ""actions"": ""Tăng ít nhất 3 giờ tự học có kế hoạch mỗi tuần; chia thành các phiên 45 phút; giảm một buổi đi chơi trong tuần nếu trùng lịch học.""}, {""phase"": ""Mỗi cuối tuần"", ""goal"": ""Theo dõi tiến bộ"", ""actions"": ""Cập nhật điểm bài tập và tỷ lệ chuyên cần; nếu điểm luyện tập dưới 60% trong hai tuần liên tiếp, chuyển sang phụ đạo trực tiếp.""}]"
94,2,High,0.917713,stable,Duy trì lộ trình học tập hiện tại,[],"[{""phase"": ""Mỗi cuối tuần"", ""goal"": ""Theo dõi tiến bộ"", ""actions"": ""Cập nhật điểm bài tập và tỷ lệ chuyên cần; nếu điểm luyện tập dưới 60% trong hai tuần liên tiếp, chuyển sang phụ đạo trực tiếp.""}]"
95,0,Low,0.512961,high,Lộ trình can thiệp ưu tiên 4 tuần,"[{""code"": ""time_management"", ""title"": ""Phân bổ thời gian chưa hợp lý"", ""evidence"": ""Mức goout hiện tại: 5/5."", ""priority"": 3}]","[{""phase"": ""Tuần 2-4"", ""goal"": ""Ổn định nếp tự học"", ""actions"": ""Tăng ít nhất 3 giờ tự học có kế hoạch mỗi tuần; chia thành các phiên 45 phút; giảm một buổi đi chơi trong tuần nếu trùng lịch học.""}, {""phase"": ""Mỗi cuối tuần"", ""goal"": ""Theo dõi tiến bộ"", ""actions"": ""Cập nhật điểm bài tập và tỷ lệ chuyên cần; nếu điểm luyện tập dưới 60% trong hai tuần liên tiếp, chuyển sang phụ đạo trực tiếp.""}]"
96,1,Medium,0.94961,high,Lộ trình can thiệp ưu tiên 4 tuần,"[{""code"": ""attendance"", ""title"": ""Nguy cơ chuyên cần"", ""evidence"": ""Vắng 8 buổi; tỷ lệ vắng/học 8.0."", ""priority"": 1}, {""code"": ""study_time"", ""title"": ""Thời lượng tự học thấp"", ""evidence"": ""Mức studytime hiện tại: 1/4."", ""priority"": 2}, {""code"": ""time_management"", ""title"": ""Phân bổ thời gian chưa hợp lý"", ""evidence"": ""Mức goout hiện tại: 4/5."", ""priority"": 3}]","[{""phase"": ""Tuần 1"", ""goal"": ""Khôi phục chuyên cần"", ""actions"": ""Lập lịch đi học đủ; đăng ký lớp bù cho nội dung G1/G2 đã bỏ lỡ; cố vấn kiểm tra chuyên cần mỗi tuần.""}, {""phase"": ""Tuần 2-4"", ""goal"": ""Ổn định nếp tự học"", ""actions"": ""Tăng ít nhất 3 giờ tự học có kế hoạch mỗi tuần; chia thành các phiên 45 phút; giảm một buổi đi chơi trong tuần nếu trùng lịch học.""}, {""phase"": ""Mỗi cuối tuần"", ""goal"": ""Theo dõi tiến bộ"", ""actions"": ""Cập nhật điểm bài tập và tỷ lệ chuyên cần; nếu điểm luyện tập dưới 60% trong hai tuần liên tiếp, chuyển sang phụ đạo trực tiếp.""}]"
97,1,Medium,0.948211,moderate,Lộ trình củng cố để tiến lên nhóm High,[],"[{""phase"": ""Mỗi cuối tuần"", ""goal"": ""Theo dõi tiến bộ"", ""actions"": ""Cập nhật điểm bài tập và tỷ lệ chuyên cần; nếu điểm luyện tập dưới 60% trong hai tuần liên tiếp, chuyển sang phụ đạo trực tiếp.""}]"
98,2,High,0.982629,moderate,Lộ trình củng cố để tiến lên nhóm High,"[{""code"": ""time_management"", ""title"": ""Phân bổ thời gian chưa hợp lý"", ""evidence"": ""Mức goout hiện tại: 4/5."", ""priority"": 3}]","[{""phase"": ""Tuần 2-4"", ""goal"": ""Ổn định nếp tự học"", ""actions"": ""Tăng ít nhất 3 giờ tự học có kế hoạch mỗi tuần; chia thành các phiên 45 phút; giảm một buổi đi chơi trong tuần nếu trùng lịch học.""}, {""phase"": ""Mỗi cuối tuần"", ""goal"": ""Theo dõi tiến bộ"", ""actions"": ""Cập nhật điểm bài tập và tỷ lệ chuyên cần; nếu điểm luyện tập dưới 60% trong hai tuần liên tiếp, chuyển sang phụ đạo trực tiếp.""}]"
99,1,Medium,0.936093,high,Lộ trình can thiệp ưu tiên 4 tuần,"[{""code"": ""grade_gap"", ""title"": ""Kết quả giữa kỳ chưa đạt"", ""evidence"": ""G1=11, G2=10."", ""priority"": 1}, {""code"": ""study_time"", ""title"": ""Thời lượng tự học thấp"", ""evidence"": ""Mức studytime hiện tại: 1/4."", ""priority"": 2}, {""code"": ""wellbeing"", ""title"": ""Thói quen sinh hoạt ảnh hưởng học tập"", ""evidence"": ""Tổng Dalc + Walc = 7."", ""priority"": 3}]","[{""phase"": ""Tuần 1-2"", ""goal"": ""Bù lỗ hổng kiến thức"", ""actions"": ""Làm bài chẩn đoán theo chủ đề; học lại hai chủ đề yếu nhất; hoàn thành tối thiểu 3 bài luyện tập có phản hồi mỗi tuần.""}, {""phase"": ""Tuần 2-4"", ""goal"": ""Ổn định nếp tự học"", ""actions"": ""Tăng ít nhất 3 giờ tự học có kế hoạch mỗi tuần; chia thành các phiên 45 phút; giảm một buổi đi chơi trong tuần nếu trùng lịch học.""}, {""phase"": ""Tuần 2-4"", ""goal"": ""Điều chỉnh thói quen sinh hoạt"", ""actions"": ""Giảm sử dụng đồ uống có cồn trong ngày học; duy trì giấc ngủ và lịch học cố định; trao đổi với cố vấn khi khó tự điều chỉnh.""}, {""phase"": ""Mỗi cuối tuần"", ""goal"": ""Theo dõi tiến bộ"", ""actions"": ""Cập nhật điểm bài tập và tỷ lệ chuyên cần; nếu điểm luyện tập dưới 60% trong hai tuần liên tiếp, chuyển sang phụ đạo trực tiếp.""}]"
100,1,Medium,0.836675,high,Lộ trình can thiệp ưu tiên 4 tuần,"[{""code"": ""attendance"", ""title"": ""Nguy cơ chuyên cần"", ""evidence"": ""Vắng 11 buổi; tỷ lệ vắng/học 11.0."", ""priority"": 1}, {""code"": ""study_time"", ""title"": ""Thời lượng tự học thấp"", ""evidence"": ""Mức studytime hiện tại: 1/4."", ""priority"": 2}]","[{""phase"": ""Tuần 1"", ""goal"": ""Khôi phục chuyên cần"", ""actions"": ""Lập lịch đi học đủ; đăng ký lớp bù cho nội dung G1/G2 đã bỏ lỡ; cố vấn kiểm tra chuyên cần mỗi tuần.""}, {""phase"": ""Tuần 2-4"", ""goal"": ""Ổn định nếp tự học"", ""actions"": ""Tăng ít nhất 3 giờ tự học có kế hoạch mỗi tuần; chia thành các phiên 45 phút; giảm một buổi đi chơi trong tuần nếu trùng lịch học.""}, {""phase"": ""Mỗi cuối tuần"", ""goal"": ""Theo dõi tiến bộ"", ""actions"": ""Cập nhật điểm bài tập và tỷ lệ chuyên cần; nếu điểm luyện tập dưới 60% trong hai tuần liên tiếp, chuyển sang phụ đạo trực tiếp.""}]"
101,1,Medium,0.677688,high,Lộ trình can thiệp ưu tiên 4 tuần,"[{""code"": ""attendance"", ""title"": ""Nguy cơ chuyên cần"", ""evidence"": ""Vắng 6 buổi; tỷ lệ vắng/học 6.0."", ""priority"": 1}, {""code"": ""grade_gap"", ""title"": ""Kết quả giữa kỳ chưa đạt"", ""evidence"": ""G1=10, G2=8."", ""priority"": 1}, {""code"": ""study_time"", ""title"": ""Thời lượng tự học thấp"", ""evidence"": ""Mức studytime hiện tại: 1/4."", ""priority"": 2}]","[{""phase"": ""Tuần 1"", ""goal"": ""Khôi phục chuyên cần"", ""actions"": ""Lập lịch đi học đủ; đăng ký lớp bù cho nội dung G1/G2 đã bỏ lỡ; cố vấn kiểm tra chuyên cần mỗi tuần.""}, {""phase"": ""Tuần 1-2"", ""goal"": ""Bù lỗ hổng kiến thức"", ""actions"": ""Làm bài chẩn đoán theo chủ đề; học lại hai chủ đề yếu nhất; hoàn thành tối thiểu 3 bài luyện tập có phản hồi mỗi tuần.""}, {""phase"": ""Tuần 2-4"", ""goal"": ""Ổn định nếp tự học"", ""actions"": ""Tăng ít nhất 3 giờ tự học có kế hoạch mỗi tuần; chia thành các phiên 45 phút; giảm một buổi đi chơi trong tuần nếu trùng lịch học.""}, {""phase"": ""Mỗi cuối tuần"", ""goal"": ""Theo dõi tiến bộ"", ""actions"": ""Cập nhật điểm bài tập và tỷ lệ chuyên cần; nếu điểm luyện tập dưới 60% trong hai tuần liên tiếp, chuyển sang phụ đạo trực tiếp.""}]"
102,1,Medium,0.952715,moderate,Lộ trình củng cố để tiến lên nhóm High,[],"[{""phase"": ""Mỗi cuối tuần"", ""goal"": ""Theo dõi tiến bộ"", ""actions"": ""Cập nhật điểm bài tập và tỷ lệ chuyên cần; nếu điểm luyện tập dưới 60% trong hai tuần liên tiếp, chuyển sang phụ đạo trực tiếp.""}]"
103,1,Medium,0.876047,high,Lộ trình can thiệp ưu tiên 4 tuần,"[{""code"": ""attendance"", ""title"": ""Nguy cơ chuyên cần"", ""evidence"": ""Vắng 6 buổi; tỷ lệ vắng/học 6.0."", ""priority"": 1}, {""code"": ""failure_history"", ""title"": ""Lỗ hổng kiến thức tích lũy"", ""evidence"": ""Số lần trượt môn trước đây: 1."", ""priority"": 1}, {""code"": ""study_time"", ""title"": ""Thời lượng tự học thấp"", ""evidence"": ""Mức studytime hiện tại: 1/4."", ""priority"": 2}]","[{""phase"": ""Tuần 1"", ""goal"": ""Khôi phục chuyên cần"", ""actions"": ""Lập lịch đi học đủ; đăng ký lớp bù cho nội dung G1/G2 đã bỏ lỡ; cố vấn kiểm tra chuyên cần mỗi tuần.""}, {""phase"": ""Tuần 1-2"", ""goal"": ""Bù lỗ hổng kiến thức"", ""actions"": ""Làm bài chẩn đoán theo chủ đề; học lại hai chủ đề yếu nhất; hoàn thành tối thiểu 3 bài luyện tập có phản hồi mỗi tuần.""}, {""phase"": ""Tuần 2-4"", ""goal"": ""Ổn định nếp tự học"", ""actions"": ""Tăng ít nhất 3 giờ tự học có kế hoạch mỗi tuần; chia thành các phiên 45 phút; giảm một buổi đi chơi trong tuần nếu trùng lịch học.""}, {""phase"": ""Mỗi cuối tuần"", ""goal"": ""Theo dõi tiến bộ"", ""actions"": ""Cập nhật điểm bài tập và tỷ lệ chuyên cần; nếu điểm luyện tập dưới 60% trong hai tuần liên tiếp, chuyển sang phụ đạo trực tiếp.""}]"
104,1,Medium,0.964049,high,Lộ trình can thiệp ưu tiên 4 tuần,"[{""code"": ""failure_history"", ""title"": ""Lỗ hổng kiến thức tích lũy"", ""evidence"": ""Số lần trượt môn trước đây: 2."", ""priority"": 1}]","[{""phase"": ""Tuần 1-2"", ""goal"": ""Bù lỗ hổng kiến thức"", ""actions"": ""Làm bài chẩn đoán theo chủ đề; học lại hai chủ đề yếu nhất; hoàn thành tối thiểu 3 bài luyện tập có phản hồi mỗi tuần.""}, {""phase"": ""Mỗi cuối tuần"", ""goal"": ""Theo dõi tiến bộ"", ""actions"": ""Cập nhật điểm bài tập và tỷ lệ chuyên cần; nếu điểm luyện tập dưới 60% trong hai tuần liên tiếp, chuyển sang phụ đạo trực tiếp.""}]"
105,2,High,0.747925,high,Lộ trình can thiệp ưu tiên 4 tuần,"[{""code"": ""grade_gap"", ""title"": ""Kết quả giữa kỳ chưa đạt"", ""evidence"": ""G1=15, G2=14."", ""priority"": 1}, {""code"": ""time_management"", ""title"": ""Phân bổ thời gian chưa hợp lý"", ""evidence"": ""Mức goout hiện tại: 4/5."", ""priority"": 3}]","[{""phase"": ""Tuần 1-2"", ""goal"": ""Bù lỗ hổng kiến thức"", ""actions"": ""Làm bài chẩn đoán theo chủ đề; học lại hai chủ đề yếu nhất; hoàn thành tối thiểu 3 bài luyện tập có phản hồi mỗi tuần.""}, {""phase"": ""Tuần 2-4"", ""goal"": ""Ổn định nếp tự học"", ""actions"": ""Tăng ít nhất 3 giờ tự học có kế hoạch mỗi tuần; chia thành các phiên 45 phút; giảm một buổi đi chơi trong tuần nếu trùng lịch học.""}, {""phase"": ""Mỗi cuối tuần"", ""goal"": ""Theo dõi tiến bộ"", ""actions"": ""Cập nhật điểm bài tập và tỷ lệ chuyên cần; nếu điểm luyện tập dưới 60% trong hai tuần liên tiếp, chuyển sang phụ đạo trực tiếp.""}]"
106,1,Medium,0.628942,high,Lộ trình can thiệp ưu tiên 4 tuần,"[{""code"": ""grade_gap"", ""title"": ""Kết quả giữa kỳ chưa đạt"", ""evidence"": ""G1=9, G2=9."", ""priority"": 1}]","[{""phase"": ""Tuần 1-2"", ""goal"": ""Bù lỗ hổng kiến thức"", ""actions"": ""Làm bài chẩn đoán theo chủ đề; học lại hai chủ đề yếu nhất; hoàn thành tối thiểu 3 bài luyện tập có phản hồi mỗi tuần.""}, {""phase"": ""Mỗi cuối tuần"", ""goal"": ""Theo dõi tiến bộ"", ""actions"": ""Cập nhật điểm bài tập và tỷ lệ chuyên cần; nếu điểm luyện tập dưới 60% trong hai tuần liên tiếp, chuyển sang phụ đạo trực tiếp.""}]"
107,2,High,0.98845,stable,Duy trì lộ trình học tập hiện tại,[],"[{""phase"": ""Mỗi cuối tuần"", ""goal"": ""Theo dõi tiến bộ"", ""actions"": ""Cập nhật điểm bài tập và tỷ lệ chuyên cần; nếu điểm luyện tập dưới 60% trong hai tuần liên tiếp, chuyển sang phụ đạo trực tiếp.""}]"
108,1,Medium,0.942525,moderate,Lộ trình củng cố để tiến lên nhóm High,"[{""code"": ""study_time"", ""title"": ""Thời lượng tự học thấp"", ""evidence"": ""Mức studytime hiện tại: 1/4."", ""priority"": 2}]","[{""phase"": ""Tuần 2-4"", ""goal"": ""Ổn định nếp tự học"", ""actions"": ""Tăng ít nhất 3 giờ tự học có kế hoạch mỗi tuần; chia thành các phiên 45 phút; giảm một buổi đi chơi trong tuần nếu trùng lịch học.""}, {""phase"": ""Mỗi cuối tuần"", ""goal"": ""Theo dõi tiến bộ"", ""actions"": ""Cập nhật điểm bài tập và tỷ lệ chuyên cần; nếu điểm luyện tập dưới 60% trong hai tuần liên tiếp, chuyển sang phụ đạo trực tiếp.""}]"
109,2,High,0.993035,stable,Duy trì lộ trình học tập hiện tại,[],"[{""phase"": ""Mỗi cuối tuần"", ""goal"": ""Theo dõi tiến bộ"", ""actions"": ""Cập nhật điểm bài tập và tỷ lệ chuyên cần; nếu điểm luyện tập dưới 60% trong hai tuần liên tiếp, chuyển sang phụ đạo trực tiếp.""}]"
110,1,Medium,0.821964,high,Lộ trình can thiệp ưu tiên 4 tuần,"[{""code"": ""attendance"", ""title"": ""Nguy cơ chuyên cần"", ""evidence"": ""Vắng 18 buổi; tỷ lệ vắng/học 18.0."", ""priority"": 1}, {""code"": ""study_time"", ""title"": ""Thời lượng tự học thấp"", ""evidence"": ""Mức studytime hiện tại: 1/4."", ""priority"": 2}, {""code"": ""wellbeing"", ""title"": ""Thói quen sinh hoạt ảnh hưởng học tập"", ""evidence"": ""Tổng Dalc + Walc = 7."", ""priority"": 3}, {""code"": ""time_management"", ""title"": ""Phân bổ thời gian chưa hợp lý"", ""evidence"": ""Mức goout hiện tại: 4/5."", ""priority"": 3}]","[{""phase"": ""Tuần 1"", ""goal"": ""Khôi phục chuyên cần"", ""actions"": ""Lập lịch đi học đủ; đăng ký lớp bù cho nội dung G1/G2 đã bỏ lỡ; cố vấn kiểm tra chuyên cần mỗi tuần.""}, {""phase"": ""Tuần 2-4"", ""goal"": ""Ổn định nếp tự học"", ""actions"": ""Tăng ít nhất 3 giờ tự học có kế hoạch mỗi tuần; chia thành các phiên 45 phút; giảm một buổi đi chơi trong tuần nếu trùng lịch học.""}, {""phase"": ""Tuần 2-4"", ""goal"": ""Điều chỉnh thói quen sinh hoạt"", ""actions"": ""Giảm sử dụng đồ uống có cồn trong ngày học; duy trì giấc ngủ và lịch học cố định; trao đổi với cố vấn khi khó tự điều chỉnh.""}, {""phase"": ""Mỗi cuối tuần"", ""goal"": ""Theo dõi tiến bộ"", ""actions"": ""Cập nhật điểm bài tập và tỷ lệ chuyên cần; nếu điểm luyện tập dưới 60% trong hai tuần liên tiếp, chuyển sang phụ đạo trực tiếp.""}]"
111,2,High,0.976714,stable,Duy trì lộ trình học tập hiện tại,[],"[{""phase"": ""Mỗi cuối tuần"", ""goal"": ""Theo dõi tiến bộ"", ""actions"": ""Cập nhật điểm bài tập và tỷ lệ chuyên cần; nếu điểm luyện tập dưới 60% trong hai tuần liên tiếp, chuyển sang phụ đạo trực tiếp.""}]"
112,1,Medium,0.96402,high,Lộ trình can thiệp ưu tiên 4 tuần,"[{""code"": ""grade_gap"", ""title"": ""Kết quả giữa kỳ chưa đạt"", ""evidence"": ""G1=11, G2=9."", ""priority"": 1}, {""code"": ""time_management"", ""title"": ""Phân bổ thời gian chưa hợp lý"", ""evidence"": ""Mức goout hiện tại: 4/5."", ""priority"": 3}]","[{""phase"": ""Tuần 1-2"", ""goal"": ""Bù lỗ hổng kiến thức"", ""actions"": ""Làm bài chẩn đoán theo chủ đề; học lại hai chủ đề yếu nhất; hoàn thành tối thiểu 3 bài luyện tập có phản hồi mỗi tuần.""}, {""phase"": ""Tuần 2-4"", ""goal"": ""Ổn định nếp tự học"", ""actions"": ""Tăng ít nhất 3 giờ tự học có kế hoạch mỗi tuần; chia thành các phiên 45 phút; giảm một buổi đi chơi trong tuần nếu trùng lịch học.""}, {""phase"": ""Mỗi cuối tuần"", ""goal"": ""Theo dõi tiến bộ"", ""actions"": ""Cập nhật điểm bài tập và tỷ lệ chuyên cần; nếu điểm luyện tập dưới 60% trong hai tuần liên tiếp, chuyển sang phụ đạo trực tiếp.""}]"
113,1,Medium,0.886886,moderate,Lộ trình củng cố để tiến lên nhóm High,"[{""code"": ""time_management"", ""title"": ""Phân bổ thời gian chưa hợp lý"", ""evidence"": ""Mức goout hiện tại: 4/5."", ""priority"": 3}]","[{""phase"": ""Tuần 2-4"", ""goal"": ""Ổn định nếp tự học"", ""actions"": ""Tăng ít nhất 3 giờ tự học có kế hoạch mỗi tuần; chia thành các phiên 45 phút; giảm một buổi đi chơi trong tuần nếu trùng lịch học.""}, {""phase"": ""Mỗi cuối tuần"", ""goal"": ""Theo dõi tiến bộ"", ""actions"": ""Cập nhật điểm bài tập và tỷ lệ chuyên cần; nếu điểm luyện tập dưới 60% trong hai tuần liên tiếp, chuyển sang phụ đạo trực tiếp.""}]"
114,1,Medium,0.960675,high,Lộ trình can thiệp ưu tiên 4 tuần,"[{""code"": ""attendance"", ""title"": ""Nguy cơ chuyên cần"", ""evidence"": ""Vắng 8 buổi; tỷ lệ vắng/học 8.0."", ""priority"": 1}, {""code"": ""study_time"", ""title"": ""Thời lượng tự học thấp"", ""evidence"": ""Mức studytime hiện tại: 1/4."", ""priority"": 2}, {""code"": ""wellbeing"", ""title"": ""Thói quen sinh hoạt ảnh hưởng học tập"", ""evidence"": ""Tổng Dalc + Walc = 6."", ""priority"": 3}]","[{""phase"": ""Tuần 1"", ""goal"": ""Khôi phục chuyên cần"", ""actions"": ""Lập lịch đi học đủ; đăng ký lớp bù cho nội dung G1/G2 đã bỏ lỡ; cố vấn kiểm tra chuyên cần mỗi tuần.""}, {""phase"": ""Tuần 2-4"", ""goal"": ""Ổn định nếp tự học"", ""actions"": ""Tăng ít nhất 3 giờ tự học có kế hoạch mỗi tuần; chia thành các phiên 45 phút; giảm một buổi đi chơi trong tuần nếu trùng lịch học.""}, {""phase"": ""Tuần 2-4"", ""goal"": ""Điều chỉnh thói quen sinh hoạt"", ""actions"": ""Giảm sử dụng đồ uống có cồn trong ngày học; duy trì giấc ngủ và lịch học cố định; trao đổi với cố vấn khi khó tự điều chỉnh.""}, {""phase"": ""Mỗi cuối tuần"", ""goal"": ""Theo dõi tiến bộ"", ""actions"": ""Cập nhật điểm bài tập và tỷ lệ chuyên cần; nếu điểm luyện tập dưới 60% trong hai tuần liên tiếp, chuyển sang phụ đạo trực tiếp.""}]"
115,0,Low,0.607247,high,Lộ trình can thiệp ưu tiên 4 tuần,"[{""code"": ""attendance"", ""title"": ""Nguy cơ chuyên cần"", ""evidence"": ""Vắng 21 buổi; tỷ lệ vắng/học 10.5."", ""priority"": 1}, {""code"": ""failure_history"", ""title"": ""Lỗ hổng kiến thức tích lũy"", ""evidence"": ""Số lần trượt môn trước đây: 2."", ""priority"": 1}, {""code"": ""wellbeing"", ""title"": ""Thói quen sinh hoạt ảnh hưởng học tập"", ""evidence"": ""Tổng Dalc + Walc = 7."", ""priority"": 3}]","[{""phase"": ""Tuần 1"", ""goal"": ""Khôi phục chuyên cần"", ""actions"": ""Lập lịch đi học đủ; đăng ký lớp bù cho nội dung G1/G2 đã bỏ lỡ; cố vấn kiểm tra chuyên cần mỗi tuần.""}, {""phase"": ""Tuần 1-2"", ""goal"": ""Bù lỗ hổng kiến thức"", ""actions"": ""Làm bài chẩn đoán theo chủ đề; học lại hai chủ đề yếu nhất; hoàn thành tối thiểu 3 bài luyện tập có phản hồi mỗi tuần.""}, {""phase"": ""Tuần 2-4"", ""goal"": ""Điều chỉnh thói quen sinh hoạt"", ""actions"": ""Giảm sử dụng đồ uống có cồn trong ngày học; duy trì giấc ngủ và lịch học cố định; trao đổi với cố vấn khi khó tự điều chỉnh.""}, {""phase"": ""Mỗi cuối tuần"", ""goal"": ""Theo dõi tiến bộ"", ""actions"": ""Cập nhật điểm bài tập và tỷ lệ chuyên cần; nếu điểm luyện tập dưới 60% trong hai tuần liên tiếp, chuyển sang phụ đạo trực tiếp.""}]"
116,2,High,0.980993,stable,Duy trì lộ trình học tập hiện tại,[],"[{""phase"": ""Mỗi cuối tuần"", ""goal"": ""Theo dõi tiến bộ"", ""actions"": ""Cập nhật điểm bài tập và tỷ lệ chuyên cần; nếu điểm luyện tập dưới 60% trong hai tuần liên tiếp, chuyển sang phụ đạo trực tiếp.""}]"
117,1,Medium,0.973833,moderate,Lộ trình củng cố để tiến lên nhóm High,[],"[{""phase"": ""Mỗi cuối tuần"", ""goal"": ""Theo dõi tiến bộ"", ""actions"": ""Cập nhật điểm bài tập và tỷ lệ chuyên cần; nếu điểm luyện tập dưới 60% trong hai tuần liên tiếp, chuyển sang phụ đạo trực tiếp.""}]"
118,1,Medium,0.807781,moderate,Lộ trình củng cố để tiến lên nhóm High,"[{""code"": ""time_management"", ""title"": ""Phân bổ thời gian chưa hợp lý"", ""evidence"": ""Mức goout hiện tại: 5/5."", ""priority"": 3}]","[{""phase"": ""Tuần 2-4"", ""goal"": ""Ổn định nếp tự học"", ""actions"": ""Tăng ít nhất 3 giờ tự học có kế hoạch mỗi tuần; chia thành các phiên 45 phút; giảm một buổi đi chơi trong tuần nếu trùng lịch học.""}, {""phase"": ""Mỗi cuối tuần"", ""goal"": ""Theo dõi tiến bộ"", ""actions"": ""Cập nhật điểm bài tập và tỷ lệ chuyên cần; nếu điểm luyện tập dưới 60% trong hai tuần liên tiếp, chuyển sang phụ đạo trực tiếp.""}]"
119,1,Medium,0.688779,high,Lộ trình can thiệp ưu tiên 4 tuần,"[{""code"": ""attendance"", ""title"": ""Nguy cơ chuyên cần"", ""evidence"": ""Vắng 10 buổi; tỷ lệ vắng/học 10.0."", ""priority"": 1}, {""code"": ""study_time"", ""title"": ""Thời lượng tự học thấp"", ""evidence"": ""Mức studytime hiện tại: 1/4."", ""priority"": 2}, {""code"": ""time_management"", ""title"": ""Phân bổ thời gian chưa hợp lý"", ""evidence"": ""Mức goout hiện tại: 4/5."", ""priority"": 3}]","[{""phase"": ""Tuần 1"", ""goal"": ""Khôi phục chuyên cần"", ""actions"": ""Lập lịch đi học đủ; đăng ký lớp bù cho nội dung G1/G2 đã bỏ lỡ; cố vấn kiểm tra chuyên cần mỗi tuần.""}, {""phase"": ""Tuần 2-4"", ""goal"": ""Ổn định nếp tự học"", ""actions"": ""Tăng ít nhất 3 giờ tự học có kế hoạch mỗi tuần; chia thành các phiên 45 phút; giảm một buổi đi chơi trong tuần nếu trùng lịch học.""}, {""phase"": ""Mỗi cuối tuần"", ""goal"": ""Theo dõi tiến bộ"", ""actions"": ""Cập nhật điểm bài tập và tỷ lệ chuyên cần; nếu điểm luyện tập dưới 60% trong hai tuần liên tiếp, chuyển sang phụ đạo trực tiếp.""}]"
120,1,Medium,0.934754,high,Lộ trình can thiệp ưu tiên 4 tuần,"[{""code"": ""grade_gap"", ""title"": ""Kết quả giữa kỳ chưa đạt"", ""evidence"": ""G1=13, G2=12."", ""priority"": 1}]","[{""phase"": ""Tuần 1-2"", ""goal"": ""Bù lỗ hổng kiến thức"", ""actions"": ""Làm bài chẩn đoán theo chủ đề; học lại hai chủ đề yếu nhất; hoàn thành tối thiểu 3 bài luyện tập có phản hồi mỗi tuần.""}, {""phase"": ""Mỗi cuối tuần"", ""goal"": ""Theo dõi tiến bộ"", ""actions"": ""Cập nhật điểm bài tập và tỷ lệ chuyên cần; nếu điểm luyện tập dưới 60% trong hai tuần liên tiếp, chuyển sang phụ đạo trực tiếp.""}]"
121,0,Low,0.724618,high,Lộ trình can thiệp ưu tiên 4 tuần,"[{""code"": ""attendance"", ""title"": ""Nguy cơ chuyên cần"", ""evidence"": ""Vắng 5 buổi; tỷ lệ vắng/học 5.0."", ""priority"": 1}, {""code"": ""grade_gap"", ""title"": ""Kết quả giữa kỳ chưa đạt"", ""evidence"": ""G1=9, G2=9."", ""priority"": 1}, {""code"": ""study_time"", ""title"": ""Thời lượng tự học thấp"", ""evidence"": ""Mức studytime hiện tại: 1/4."", ""priority"": 2}]","[{""phase"": ""Tuần 1"", ""goal"": ""Khôi phục chuyên cần"", ""actions"": ""Lập lịch đi học đủ; đăng ký lớp bù cho nội dung G1/G2 đã bỏ lỡ; cố vấn kiểm tra chuyên cần mỗi tuần.""}, {""phase"": ""Tuần 1-2"", ""goal"": ""Bù lỗ hổng kiến thức"", ""actions"": ""Làm bài chẩn đoán theo chủ đề; học lại hai chủ đề yếu nhất; hoàn thành tối thiểu 3 bài luyện tập có phản hồi mỗi tuần.""}, {""phase"": ""Tuần 2-4"", ""goal"": ""Ổn định nếp tự học"", ""actions"": ""Tăng ít nhất 3 giờ tự học có kế hoạch mỗi tuần; chia thành các phiên 45 phút; giảm một buổi đi chơi trong tuần nếu trùng lịch học.""}, {""phase"": ""Mỗi cuối tuần"", ""goal"": ""Theo dõi tiến bộ"", ""actions"": ""Cập nhật điểm bài tập và tỷ lệ chuyên cần; nếu điểm luyện tập dưới 60% trong hai tuần liên tiếp, chuyển sang phụ đạo trực tiếp.""}]"
122,1,Medium,0.662345,high,Lộ trình can thiệp ưu tiên 4 tuần,"[{""code"": ""grade_gap"", ""title"": ""Kết quả giữa kỳ chưa đạt"", ""evidence"": ""G1=10, G2=9."", ""priority"": 1}, {""code"": ""study_time"", ""title"": ""Thời lượng tự học thấp"", ""evidence"": ""Mức studytime hiện tại: 1/4."", ""priority"": 2}]","[{""phase"": ""Tuần 1-2"", ""goal"": ""Bù lỗ hổng kiến thức"", ""actions"": ""Làm bài chẩn đoán theo chủ đề; học lại hai chủ đề yếu nhất; hoàn thành tối thiểu 3 bài luyện tập có phản hồi mỗi tuần.""}, {""phase"": ""Tuần 2-4"", ""goal"": ""Ổn định nếp tự học"", ""actions"": ""Tăng ít nhất 3 giờ tự học có kế hoạch mỗi tuần; chia thành các phiên 45 phút; giảm một buổi đi chơi trong tuần nếu trùng lịch học.""}, {""phase"": ""Mỗi cuối tuần"", ""goal"": ""Theo dõi tiến bộ"", ""actions"": ""Cập nhật điểm bài tập và tỷ lệ chuyên cần; nếu điểm luyện tập dưới 60% trong hai tuần liên tiếp, chuyển sang phụ đạo trực tiếp.""}]"
123,0,Low,0.933445,high,Lộ trình can thiệp ưu tiên 4 tuần,"[{""code"": ""failure_history"", ""title"": ""Lỗ hổng kiến thức tích lũy"", ""evidence"": ""Số lần trượt môn trước đây: 1."", ""priority"": 1}, {""code"": ""grade_gap"", ""title"": ""Kết quả giữa kỳ chưa đạt"", ""evidence"": ""G1=8, G2=8."", ""priority"": 1}, {""code"": ""study_time"", ""title"": ""Thời lượng tự học thấp"", ""evidence"": ""Mức studytime hiện tại: 1/4."", ""priority"": 2}]","[{""phase"": ""Tuần 1-2"", ""goal"": ""Bù lỗ hổng kiến thức"", ""actions"": ""Làm bài chẩn đoán theo chủ đề; học lại hai chủ đề yếu nhất; hoàn thành tối thiểu 3 bài luyện tập có phản hồi mỗi tuần.""}, {""phase"": ""Tuần 2-4"", ""goal"": ""Ổn định nếp tự học"", ""actions"": ""Tăng ít nhất 3 giờ tự học có kế hoạch mỗi tuần; chia thành các phiên 45 phút; giảm một buổi đi chơi trong tuần nếu trùng lịch học.""}, {""phase"": ""Mỗi cuối tuần"", ""goal"": ""Theo dõi tiến bộ"", ""actions"": ""Cập nhật điểm bài tập và tỷ lệ chuyên cần; nếu điểm luyện tập dưới 60% trong hai tuần liên tiếp, chuyển sang phụ đạo trực tiếp.""}]"
124,1,Medium,0.850883,moderate,Lộ trình củng cố để tiến lên nhóm High,"[{""code"": ""study_time"", ""title"": ""Thời lượng tự học thấp"", ""evidence"": ""Mức studytime hiện tại: 1/4."", ""priority"": 2}, {""code"": ""time_management"", ""title"": ""Phân bổ thời gian chưa hợp lý"", ""evidence"": ""Mức goout hiện tại: 4/5."", ""priority"": 3}]","[{""phase"": ""Tuần 2-4"", ""goal"": ""Ổn định nếp tự học"", ""actions"": ""Tăng ít nhất 3 giờ tự học có kế hoạch mỗi tuần; chia thành các phiên 45 phút; giảm một buổi đi chơi trong tuần nếu trùng lịch học.""}, {""phase"": ""Mỗi cuối tuần"", ""goal"": ""Theo dõi tiến bộ"", ""actions"": ""Cập nhật điểm bài tập và tỷ lệ chuyên cần; nếu điểm luyện tập dưới 60% trong hai tuần liên tiếp, chuyển sang phụ đạo trực tiếp.""}]"
125,1,Medium,0.641716,moderate,Lộ trình củng cố để tiến lên nhóm High,"[{""code"": ""time_management"", ""title"": ""Phân bổ thời gian chưa hợp lý"", ""evidence"": ""Mức goout hiện tại: 4/5."", ""priority"": 3}]","[{""phase"": ""Tuần 2-4"", ""goal"": ""Ổn định nếp tự học"", ""actions"": ""Tăng ít nhất 3 giờ tự học có kế hoạch mỗi tuần; chia thành các phiên 45 phút; giảm một buổi đi chơi trong tuần nếu trùng lịch học.""}, {""phase"": ""Mỗi cuối tuần"", ""goal"": ""Theo dõi tiến bộ"", ""actions"": ""Cập nhật điểm bài tập và tỷ lệ chuyên cần; nếu điểm luyện tập dưới 60% trong hai tuần liên tiếp, chuyển sang phụ đạo trực tiếp.""}]"
126,1,Medium,0.540182,moderate,Lộ trình củng cố để tiến lên nhóm High,"[{""code"": ""study_time"", ""title"": ""Thời lượng tự học thấp"", ""evidence"": ""Mức studytime hiện tại: 1/4."", ""priority"": 2}]","[{""phase"": ""Tuần 2-4"", ""goal"": ""Ổn định nếp tự học"", ""actions"": ""Tăng ít nhất 3 giờ tự học có kế hoạch mỗi tuần; chia thành các phiên 45 phút; giảm một buổi đi chơi trong tuần nếu trùng lịch học.""}, {""phase"": ""Mỗi cuối tuần"", ""goal"": ""Theo dõi tiến bộ"", ""actions"": ""Cập nhật điểm bài tập và tỷ lệ chuyên cần; nếu điểm luyện tập dưới 60% trong hai tuần liên tiếp, chuyển sang phụ đạo trực tiếp.""}]"
127,1,Medium,0.932636,moderate,Lộ trình củng cố để tiến lên nhóm High,"[{""code"": ""study_time"", ""title"": ""Thời lượng tự học thấp"", ""evidence"": ""Mức studytime hiện tại: 1/4."", ""priority"": 2}, {""code"": ""time_management"", ""title"": ""Phân bổ thời gian chưa hợp lý"", ""evidence"": ""Mức goout hiện tại: 4/5."", ""priority"": 3}]","[{""phase"": ""Tuần 2-4"", ""goal"": ""Ổn định nếp tự học"", ""actions"": ""Tăng ít nhất 3 giờ tự học có kế hoạch mỗi tuần; chia thành các phiên 45 phút; giảm một buổi đi chơi trong tuần nếu trùng lịch học.""}, {""phase"": ""Mỗi cuối tuần"", ""goal"": ""Theo dõi tiến bộ"", ""actions"": ""Cập nhật điểm bài tập và tỷ lệ chuyên cần; nếu điểm luyện tập dưới 60% trong hai tuần liên tiếp, chuyển sang phụ đạo trực tiếp.""}]"
128,2,High,0.532356,high,Lộ trình can thiệp ưu tiên 4 tuần,"[{""code"": ""grade_gap"", ""title"": ""Kết quả giữa kỳ chưa đạt"", ""evidence"": ""G1=15, G2=13."", ""priority"": 1}]","[{""phase"": ""Tuần 1-2"", ""goal"": ""Bù lỗ hổng kiến thức"", ""actions"": ""Làm bài chẩn đoán theo chủ đề; học lại hai chủ đề yếu nhất; hoàn thành tối thiểu 3 bài luyện tập có phản hồi mỗi tuần.""}, {""phase"": ""Mỗi cuối tuần"", ""goal"": ""Theo dõi tiến bộ"", ""actions"": ""Cập nhật điểm bài tập và tỷ lệ chuyên cần; nếu điểm luyện tập dưới 60% trong hai tuần liên tiếp, chuyển sang phụ đạo trực tiếp.""}]"
129,1,Medium,0.909936,high,Lộ trình can thiệp ưu tiên 4 tuần,"[{""code"": ""attendance"", ""title"": ""Nguy cơ chuyên cần"", ""evidence"": ""Vắng 11 buổi; tỷ lệ vắng/học 11.0."", ""priority"": 1}, {""code"": ""grade_gap"", ""title"": ""Kết quả giữa kỳ chưa đạt"", ""evidence"": ""G1=12, G2=10."", ""priority"": 1}, {""code"": ""study_time"", ""title"": ""Thời lượng tự học thấp"", ""evidence"": ""Mức studytime hiện tại: 1/4."", ""priority"": 2}, {""code"": ""wellbeing"", ""title"": ""Thói quen sinh hoạt ảnh hưởng học tập"", ""evidence"": ""Tổng Dalc + Walc = 6."", ""priority"": 3}]","[{""phase"": ""Tuần 1"", ""goal"": ""Khôi phục chuyên cần"", ""actions"": ""Lập lịch đi học đủ; đăng ký lớp bù cho nội dung G1/G2 đã bỏ lỡ; cố vấn kiểm tra chuyên cần mỗi tuần.""}, {""phase"": ""Tuần 1-2"", ""goal"": ""Bù lỗ hổng kiến thức"", ""actions"": ""Làm bài chẩn đoán theo chủ đề; học lại hai chủ đề yếu nhất; hoàn thành tối thiểu 3 bài luyện tập có phản hồi mỗi tuần.""}, {""phase"": ""Tuần 2-4"", ""goal"": ""Ổn định nếp tự học"", ""actions"": ""Tăng ít nhất 3 giờ tự học có kế hoạch mỗi tuần; chia thành các phiên 45 phút; giảm một buổi đi chơi trong tuần nếu trùng lịch học.""}, {""phase"": ""Tuần 2-4"", ""goal"": ""Điều chỉnh thói quen sinh hoạt"", ""actions"": ""Giảm sử dụng đồ uống có cồn trong ngày học; duy trì giấc ngủ và lịch học cố định; trao đổi với cố vấn khi khó tự điều chỉnh.""}, {""phase"": ""Mỗi cuối tuần"", ""goal"": ""Theo dõi tiến bộ"", ""actions"": ""Cập nhật điểm bài tập và tỷ lệ chuyên cần; nếu điểm luyện tập dưới 60% trong hai tuần liên tiếp, chuyển sang phụ đạo trực tiếp.""}]"
