sample_idx,gender,NationalITy,PlaceofBirth,StageID,GradeID,SectionID,Topic,Semester,Relation,raisedhands,VisITedResources,AnnouncementsView,Discussion,ParentAnsweringSurvey,ParentschoolSatisfaction,StudentAbsenceDays,Class,True_Label,Pred_Label,Prob_Class_0,Prob_Class_1,Prob_Class_2,sample_idx_x,sample_idx_y,original_class,original_conf,desired_classes,new_class,new_conf,changed_features,num_changes,Recommendation
0,M,Jordan,Jordan,MiddleSchool,G-07,B,Science,S,Mum,72,80,58,66,No,Bad,Under-7,1,1,1,0.006636831,0.6350516,0.35831153,0,0.0,1.0,0.554443895816803,[2],2.0,0.5108497142791748,{'raisedhands': 0.9200000524520874},1.0,"Sinh viên đang được dự đoán thuộc nhóm Medium với độ tin cậy 55%. Mô hình tìm thấy phương án cải thiện: điều chỉnh các yếu tố {'raisedhands': 0.9200000524520874}. Sau thay đổi này, dự đoán sẽ chuyển sang High với xác suất 51%. Khuyến nghị: sinh viên nên thực hiện các thay đổi trên và liên hệ cố vấn học tập để theo dõi tiến độ."
1,M,KW,KuwaIT,MiddleSchool,G-08,C,Spanish,S,Father,17,61,42,14,No,Bad,Under-7,1,1,0,0.5278243,0.43410498,0.038070727,1,1.0,0.0,0.47394776344299316,"[1, 2]",1.0,0.5108098387718201,{'raisedhands': 0.2700000017881393},1.0,"Sinh viên đang được dự đoán thuộc nhóm Low với độ tin cậy 47%. Mô hình tìm thấy phương án cải thiện: điều chỉnh các yếu tố {'raisedhands': 0.2700000017881393}. Sau thay đổi này, dự đoán sẽ chuyển sang Medium với xác suất 51%. Khuyến nghị: sinh viên nên thực hiện các thay đổi trên và liên hệ cố vấn học tập để theo dõi tiến độ."
2,M,KW,KuwaIT,MiddleSchool,G-08,C,Spanish,S,Father,5,21,42,14,No,Good,Above-7,0,0,0,0.9131444,0.084325686,0.0025299243,2,,,,,,,,,"Sinh viên đang có thành tích tốt, tiếp tục duy trì phương pháp học hiện tại."
3,F,KW,KuwaIT,lowerlevel,G-02,C,IT,F,Father,14,60,11,75,Yes,Good,Under-7,2,2,1,0.036091946,0.6313438,0.33256426,3,,,,,,,,,"Sinh viên đang có thành tích tốt, tiếp tục duy trì phương pháp học hiện tại."
4,F,Egypt,Egypt,MiddleSchool,G-07,A,Quran,S,Mum,70,80,95,70,Yes,Good,Under-7,2,2,2,3.0474726e-05,0.084805615,0.9151639,4,,,,,,,,,"Sinh viên đang có thành tích tốt, tiếp tục duy trì phương pháp học hiện tại."
5,M,KW,KuwaIT,MiddleSchool,G-08,B,Arabic,S,Mum,15,90,52,83,Yes,Bad,Under-7,2,2,1,0.013922718,0.56960714,0.41647014,5,5.0,1.0,0.5528284311294556,[2],2.0,0.5188456773757935,{'raisedhands': 0.35},1.0,"Sinh viên đang được dự đoán thuộc nhóm Medium với độ tin cậy 55%. Mô hình tìm thấy phương án cải thiện: điều chỉnh các yếu tố {'raisedhands': 0.35}. Sau thay đổi này, dự đoán sẽ chuyển sang High với xác suất 52%. Khuyến nghị: sinh viên nên thực hiện các thay đổi trên và liên hệ cố vấn học tập để theo dõi tiến độ."
6,M,Jordan,Jordan,MiddleSchool,G-07,A,Biology,F,Father,80,80,46,61,Yes,Bad,Under-7,1,1,1,0.012318613,0.62136817,0.36631316,6,,,,,,,,,"Sinh viên đang có thành tích tốt, tiếp tục duy trì phương pháp học hiện tại."
7,M,Tunis,Tunis,MiddleSchool,G-07,A,Quran,S,Father,19,65,50,10,No,Bad,Above-7,0,0,0,0.912547,0.08659661,0.00085640437,7,,,,,,,,,"Sinh viên đang có thành tích tốt, tiếp tục duy trì phương pháp học hiện tại."
8,M,KW,KuwaIT,MiddleSchool,G-07,B,Science,S,Mum,32,60,58,66,Yes,Good,Above-7,1,1,1,0.06494133,0.5921618,0.34289688,8,,,,,,,,,"Sinh viên đang có thành tích tốt, tiếp tục duy trì phương pháp học hiện tại."
9,M,SaudiArabia,USA,HighSchool,G-11,B,Math,S,Father,70,58,73,91,Yes,Bad,Under-7,2,2,1,0.0082886135,0.51730555,0.47440577,9,,,,,,,,,"Sinh viên đang có thành tích tốt, tiếp tục duy trì phương pháp học hiện tại."
10,F,Jordan,Jordan,MiddleSchool,G-08,A,Geology,S,Father,55,74,25,29,No,Bad,Under-7,1,1,1,0.010149737,0.7493029,0.24054733,10,,,,,,,,,"Sinh viên đang có thành tích tốt, tiếp tục duy trì phương pháp học hiện tại."
11,M,Palestine,Jordan,lowerlevel,G-02,A,Arabic,F,Father,90,98,41,38,Yes,Good,Under-7,2,2,2,0.0026730746,0.3061746,0.6911523,11,,,,,,,,,"Sinh viên đang có thành tích tốt, tiếp tục duy trì phương pháp học hiện tại."
12,M,Palestine,Palestine,MiddleSchool,G-07,A,Biology,S,Father,89,92,89,83,Yes,Good,Under-7,2,2,2,0.0011613558,0.19788237,0.80095625,12,,,,,,,,,"Sinh viên đang có thành tích tốt, tiếp tục duy trì phương pháp học hiện tại."
13,M,KW,KuwaIT,MiddleSchool,G-08,A,Arabic,S,Mum,83,75,62,53,No,Bad,Under-7,2,2,1,0.015736677,0.6636027,0.32066056,13,13.0,1.0,0.5141353607177734,[2],2.0,0.5096203684806824,{'raisedhands': 0.9299999833106994},1.0,"Sinh viên đang được dự đoán thuộc nhóm Medium với độ tin cậy 51%. Mô hình tìm thấy phương án cải thiện: điều chỉnh các yếu tố {'raisedhands': 0.9299999833106994}. Sau thay đổi này, dự đoán sẽ chuyển sang High với xác suất 51%. Khuyến nghị: sinh viên nên thực hiện các thay đổi trên và liên hệ cố vấn học tập để theo dõi tiến độ."
14,M,Jordan,Jordan,MiddleSchool,G-07,A,IT,F,Father,22,30,10,12,Yes,Good,Above-7,0,0,1,0.47953144,0.49701548,0.023453072,14,,,,,,,,,"Sinh viên đang có thành tích tốt, tiếp tục duy trì phương pháp học hiện tại."
15,F,Jordan,Jordan,lowerlevel,G-02,A,Arabic,F,Father,10,20,22,97,No,Bad,Above-7,0,0,0,0.9477679,0.05153653,0.0006955378,15,,,,,,,,,"Sinh viên đang có thành tích tốt, tiếp tục duy trì phương pháp học hiện tại."
16,F,Palestine,Jordan,lowerlevel,G-02,A,Arabic,S,Mum,75,81,51,34,No,Good,Under-7,2,2,2,0.00081034435,0.29888535,0.7003043,16,,,,,,,,,"Sinh viên đang có thành tích tốt, tiếp tục duy trì phương pháp học hiện tại."
17,F,Jordan,Jordan,MiddleSchool,G-08,A,Chemistry,S,Father,79,91,49,22,Yes,Good,Under-7,2,2,2,0.0066379756,0.36555952,0.6278025,17,,,,,,,,,"Sinh viên đang có thành tích tốt, tiếp tục duy trì phương pháp học hiện tại."
18,M,KW,KuwaIT,MiddleSchool,G-08,B,Spanish,S,Mum,87,81,22,70,Yes,Bad,Under-7,2,2,2,0.0011373821,0.25851035,0.74035233,18,,,,,,,,,"Sinh viên đang có thành tích tốt, tiếp tục duy trì phương pháp học hiện tại."
19,M,KW,KuwaIT,lowerlevel,G-02,B,French,S,Mum,60,52,23,33,No,Good,Under-7,1,1,1,0.016213194,0.62841076,0.35537606,19,,,,,,,,,"Sinh viên đang có thành tích tốt, tiếp tục duy trì phương pháp học hiện tại."
20,F,USA,USA,MiddleSchool,G-07,A,Math,F,Father,27,22,22,40,No,Good,Under-7,1,1,1,0.026584174,0.8390543,0.13436148,20,,,,,,,,,"Sinh viên đang có thành tích tốt, tiếp tục duy trì phương pháp học hiện tại."
21,M,Egypt,Egypt,lowerlevel,G-02,B,French,S,Mum,7,9,11,10,No,Good,Above-7,0,0,0,0.9541275,0.043392457,0.0024801097,21,,,,,,,,,"Sinh viên đang có thành tích tốt, tiếp tục duy trì phương pháp học hiện tại."
22,M,Jordan,Jordan,MiddleSchool,G-07,B,Biology,F,Father,50,79,10,31,No,Bad,Under-7,1,1,1,0.03652765,0.6788424,0.2846299,22,,,,,,,,,"Sinh viên đang có thành tích tốt, tiếp tục duy trì phương pháp học hiện tại."
23,F,Jordan,Jordan,MiddleSchool,G-08,A,Chemistry,F,Mum,85,99,42,90,Yes,Good,Under-7,2,2,2,0.0013224724,0.18529609,0.8133814,23,,,,,,,,,"Sinh viên đang có thành tích tốt, tiếp tục duy trì phương pháp học hiện tại."
24,M,Jordan,SaudiArabia,MiddleSchool,G-08,A,Geology,S,Father,80,89,23,68,No,Bad,Under-7,2,2,1,0.0036538555,0.51771605,0.47863013,24,,,,,,,,,"Sinh viên đang có thành tích tốt, tiếp tục duy trì phương pháp học hiện tại."
25,M,Jordan,Jordan,MiddleSchool,G-08,A,Geology,S,Mum,90,86,85,10,Yes,Good,Under-7,1,1,1,0.0017363203,0.53322804,0.46503562,25,25.0,1.0,0.5342499613761902,[2],2.0,0.5017870664596558,"{'raisedhands': 0.9999999761581421, 'VisITedResources': 0.9686868548393249}",2.0,"Sinh viên đang được dự đoán thuộc nhóm Medium với độ tin cậy 53%. Mô hình tìm thấy phương án cải thiện: điều chỉnh các yếu tố {'raisedhands': 0.9999999761581421, 'VisITedResources': 0.9686868548393249}. Sau thay đổi này, dự đoán sẽ chuyển sang High với xác suất 50%. Khuyến nghị: sinh viên nên thực hiện các thay đổi trên và liên hệ cố vấn học tập để theo dõi tiến độ."
26,M,Jordan,Jordan,MiddleSchool,G-07,A,Biology,S,Father,35,80,34,22,No,Good,Above-7,1,1,1,0.23808065,0.670761,0.09115841,26,,,,,,,,,"Sinh viên đang có thành tích tốt, tiếp tục duy trì phương pháp học hiện tại."
27,M,Jordan,Jordan,MiddleSchool,G-07,A,Biology,S,Father,65,89,64,82,No,Good,Under-7,2,2,2,0.00035489845,0.29267728,0.70696783,27,,,,,,,,,"Sinh viên đang có thành tích tốt, tiếp tục duy trì phương pháp học hiện tại."
28,F,Tunis,USA,HighSchool,G-11,B,French,S,Father,70,50,30,49,Yes,Good,Under-7,1,1,1,0.01156227,0.8469868,0.14145094,28,,,,,,,,,"Sinh viên đang có thành tích tốt, tiếp tục duy trì phương pháp học hiện tại."
29,M,Iraq,Iraq,lowerlevel,G-02,B,Arabic,S,Mum,70,83,29,33,Yes,Good,Under-7,2,2,2,0.000661577,0.09626766,0.90307075,29,,,,,,,,,"Sinh viên đang có thành tích tốt, tiếp tục duy trì phương pháp học hiện tại."
30,F,Jordan,Jordan,MiddleSchool,G-08,A,Geology,S,Mum,84,77,79,68,Yes,Good,Under-7,2,2,2,0.00013327923,0.32589298,0.67397374,30,,,,,,,,,"Sinh viên đang có thành tích tốt, tiếp tục duy trì phương pháp học hiện tại."
31,F,KW,KuwaIT,HighSchool,G-12,A,English,F,Father,20,14,12,70,No,Bad,Above-7,0,0,1,0.47693616,0.49802142,0.02504249,31,,,,,,,,,"Sinh viên đang có thành tích tốt, tiếp tục duy trì phương pháp học hiện tại."
32,F,Syria,Syria,MiddleSchool,G-07,A,Biology,F,Mum,96,95,70,70,Yes,Good,Under-7,2,2,2,6.1698693e-06,0.023178304,0.9768155,32,,,,,,,,,"Sinh viên đang có thành tích tốt, tiếp tục duy trì phương pháp học hiện tại."
33,M,Jordan,Jordan,MiddleSchool,G-06,A,English,F,Father,40,38,32,36,No,Bad,Above-7,1,1,0,0.52598715,0.44354358,0.030469269,33,,,,,,,,,"Sinh viên đang có thành tích tốt, tiếp tục duy trì phương pháp học hiện tại."
34,F,KW,USA,HighSchool,G-11,A,Quran,S,Mum,70,80,95,70,Yes,Good,Under-7,2,2,2,0.00017758882,0.34588155,0.6539408,34,,,,,,,,,"Sinh viên đang có thành tích tốt, tiếp tục duy trì phương pháp học hiện tại."
35,M,Syria,Syria,MiddleSchool,G-07,A,Quran,F,Father,19,72,15,50,Yes,Good,Above-7,1,1,0,0.7724621,0.20577621,0.02176161,35,,,,,,,,,"Sinh viên đang có thành tích tốt, tiếp tục duy trì phương pháp học hiện tại."
36,M,Jordan,Jordan,lowerlevel,G-02,A,Arabic,F,Father,20,88,31,28,Yes,Good,Above-7,1,1,1,0.24501137,0.71451557,0.040473074,36,,,,,,,,,"Sinh viên đang có thành tích tốt, tiếp tục duy trì phương pháp học hiện tại."
37,F,KW,KuwaIT,MiddleSchool,G-07,B,Science,S,Mum,72,80,58,66,Yes,Good,Above-7,1,1,2,0.0009242316,0.32700738,0.6720684,37,37.0,1.0,0.5122079849243164,[2],2.0,0.5048764944076538,{'raisedhands': 0.8200000286102295},1.0,"Sinh viên đang được dự đoán thuộc nhóm Medium với độ tin cậy 51%. Mô hình tìm thấy phương án cải thiện: điều chỉnh các yếu tố {'raisedhands': 0.8200000286102295}. Sau thay đổi này, dự đoán sẽ chuyển sang High với xác suất 50%. Khuyến nghị: sinh viên nên thực hiện các thay đổi trên và liên hệ cố vấn học tập để theo dõi tiến độ."
38,F,Jordan,Jordan,lowerlevel,G-04,B,Science,F,Mum,11,20,21,23,No,Bad,Under-7,1,1,1,0.0829672,0.61638296,0.3006499,38,,,,,,,,,"Sinh viên đang có thành tích tốt, tiếp tục duy trì phương pháp học hiện tại."
39,F,Jordan,Jordan,lowerlevel,G-02,B,French,S,Mum,24,97,15,14,No,Good,Under-7,2,2,2,0.0030784006,0.40167412,0.5952475,39,,,,,,,,,"Sinh viên đang có thành tích tốt, tiếp tục duy trì phương pháp học hiện tại."
40,M,KW,KuwaIT,HighSchool,G-12,A,English,F,Father,39,15,16,50,No,Good,Above-7,0,0,0,0.6838026,0.26537463,0.050822765,40,,,,,,,,,"Sinh viên đang có thành tích tốt, tiếp tục duy trì phương pháp học hiện tại."
41,M,KW,KuwaIT,MiddleSchool,G-07,B,Science,F,Mum,8,6,4,22,Yes,Good,Above-7,0,0,0,0.53918016,0.41264716,0.048172705,41,,,,,,,,,"Sinh viên đang có thành tích tốt, tiếp tục duy trì phương pháp học hiện tại."
42,F,Jordan,Jordan,MiddleSchool,G-07,A,Biology,F,Mum,88,81,50,10,Yes,Good,Above-7,1,1,1,0.060068645,0.5895213,0.35041007,42,,,,,,,,,"Sinh viên đang có thành tích tốt, tiếp tục duy trì phương pháp học hiện tại."
43,M,KW,KuwaIT,MiddleSchool,G-08,B,Spanish,S,Father,62,61,82,40,Yes,Bad,Under-7,1,1,1,0.0613743,0.5673515,0.37127414,43,43.0,1.0,0.5178900361061096,[2],2.0,0.5071572661399841,{'raisedhands': 0.7200000047683716},1.0,"Sinh viên đang được dự đoán thuộc nhóm Medium với độ tin cậy 52%. Mô hình tìm thấy phương án cải thiện: điều chỉnh các yếu tố {'raisedhands': 0.7200000047683716}. Sau thay đổi này, dự đoán sẽ chuyển sang High với xác suất 51%. Khuyến nghị: sinh viên nên thực hiện các thay đổi trên và liên hệ cố vấn học tập để theo dõi tiến độ."
44,M,KW,KuwaIT,MiddleSchool,G-07,A,Math,F,Father,16,14,6,20,Yes,Good,Above-7,0,0,0,0.62488997,0.31445417,0.06065591,44,,,,,,,,,"Sinh viên đang có thành tích tốt, tiếp tục duy trì phương pháp học hiện tại."
45,M,KW,KuwaIT,lowerlevel,G-02,B,IT,F,Father,90,70,30,14,No,Bad,Under-7,1,1,1,0.094904505,0.54297835,0.36211723,45,45.0,1.0,0.49004489183425903,[2],2.0,0.48018643260002136,"{'raisedhands': 0.9999999761581421, 'VisITedResources': 0.8070707082748413}",2.0,"Sinh viên đang được dự đoán thuộc nhóm Medium với độ tin cậy 49%. Mô hình tìm thấy phương án cải thiện: điều chỉnh các yếu tố {'raisedhands': 0.9999999761581421, 'VisITedResources': 0.8070707082748413}. Sau thay đổi này, dự đoán sẽ chuyển sang High với xác suất 48%. Khuyến nghị: sinh viên nên thực hiện các thay đổi trên và liên hệ cố vấn học tập để theo dõi tiến độ."
46,M,KW,KuwaIT,lowerlevel,G-02,B,IT,F,Father,19,70,3,50,No,Bad,Under-7,0,0,1,0.37139696,0.49769592,0.13090709,46,,,,,,,,,"Sinh viên đang có thành tích tốt, tiếp tục duy trì phương pháp học hiện tại."
47,M,Palestine,Jordan,MiddleSchool,G-07,B,Biology,S,Father,79,72,79,83,Yes,Good,Under-7,1,1,2,0.00090253435,0.2694986,0.7295989,47,,,,,,,,,"Sinh viên đang có thành tích tốt, tiếp tục duy trì phương pháp học hiện tại."
48,M,KW,KuwaIT,lowerlevel,G-02,B,IT,F,Father,0,12,3,3,Yes,Good,Above-7,1,1,0,0.8272681,0.14988339,0.022848483,48,,,,,,,,,"Sinh viên đang có thành tích tốt, tiếp tục duy trì phương pháp học hiện tại."
49,M,KW,KuwaIT,lowerlevel,G-04,A,IT,F,Father,15,16,2,20,Yes,Good,Under-7,1,1,1,0.33973566,0.415718,0.24454638,49,,,,,,,,,"Sinh viên đang có thành tích tốt, tiếp tục duy trì phương pháp học hiện tại."
50,M,KW,KuwaIT,MiddleSchool,G-07,A,Quran,S,Father,10,10,15,19,No,Bad,Above-7,0,0,0,0.93480414,0.06437455,0.0008212395,50,,,,,,,,,"Sinh viên đang có thành tích tốt, tiếp tục duy trì phương pháp học hiện tại."
51,M,Jordan,Jordan,MiddleSchool,G-08,B,Arabic,S,Father,29,10,12,24,No,Bad,Above-7,0,0,0,0.92445344,0.074669115,0.00087738445,51,,,,,,,,,"Sinh viên đang có thành tích tốt, tiếp tục duy trì phương pháp học hiện tại."
52,M,Palestine,Jordan,lowerlevel,G-04,B,Science,S,Mum,82,84,79,79,Yes,Good,Above-7,1,1,1,0.0621581,0.743053,0.1947889,52,,,,,,,,,"Sinh viên đang có thành tích tốt, tiếp tục duy trì phương pháp học hiện tại."
53,M,KW,KuwaIT,HighSchool,G-10,A,IT,F,Father,50,70,32,40,Yes,Good,Under-7,1,1,2,0.07802544,0.3838617,0.53811294,53,,,,,,,,,"Sinh viên đang có thành tích tốt, tiếp tục duy trì phương pháp học hiện tại."
54,F,lebanon,lebanon,MiddleSchool,G-06,A,English,F,Mum,95,82,82,70,Yes,Good,Under-7,2,2,2,3.483379e-05,0.052263945,0.94770116,54,,,,,,,,,"Sinh viên đang có thành tích tốt, tiếp tục duy trì phương pháp học hiện tại."
55,M,Iran,Iran,HighSchool,G-09,A,IT,F,Mum,15,70,37,44,Yes,Good,Under-7,1,1,2,0.0055182846,0.35469595,0.63978577,55,,,,,,,,,"Sinh viên đang có thành tích tốt, tiếp tục duy trì phương pháp học hiện tại."
56,F,lebanon,lebanon,lowerlevel,G-02,B,IT,F,Father,70,98,7,5,Yes,Good,Under-7,1,1,2,0.004603521,0.26580006,0.72959644,56,,,,,,,,,"Sinh viên đang có thành tích tốt, tiếp tục duy trì phương pháp học hiện tại."
57,M,KW,KuwaIT,lowerlevel,G-02,B,French,S,Mum,60,52,23,33,Yes,Good,Under-7,2,2,2,0.007909959,0.42789063,0.5641993,57,57.0,1.0,0.5069937705993652,[2],2.0,0.5044825673103333,{'raisedhands': 0.7000000238418579},1.0,"Sinh viên đang được dự đoán thuộc nhóm Medium với độ tin cậy 51%. Mô hình tìm thấy phương án cải thiện: điều chỉnh các yếu tố {'raisedhands': 0.7000000238418579}. Sau thay đổi này, dự đoán sẽ chuyển sang High với xác suất 50%. Khuyến nghị: sinh viên nên thực hiện các thay đổi trên và liên hệ cố vấn học tập để theo dõi tiến độ."
58,M,Palestine,Jordan,MiddleSchool,G-07,B,Biology,S,Father,99,96,89,84,Yes,Good,Under-7,2,2,2,0.00031938156,0.20373432,0.79594624,58,,,,,,,,,"Sinh viên đang có thành tích tốt, tiếp tục duy trì phương pháp học hiện tại."
59,F,Jordan,lebanon,lowerlevel,G-04,B,Science,S,Mum,72,84,89,89,Yes,Good,Under-7,2,2,2,2.3291106e-05,0.06530531,0.9346714,59,,,,,,,,,"Sinh viên đang có thành tích tốt, tiếp tục duy trì phương pháp học hiện tại."
60,F,KW,KuwaIT,HighSchool,G-12,A,English,F,Mum,13,80,40,88,Yes,Good,Under-7,2,2,2,0.00091550767,0.32709965,0.67198485,60,,,,,,,,,"Sinh viên đang có thành tích tốt, tiếp tục duy trì phương pháp học hiện tại."
61,M,KW,KuwaIT,MiddleSchool,G-07,A,IT,F,Father,15,21,2,90,No,Bad,Under-7,1,1,0,0.50020796,0.43597332,0.06381877,61,61.0,0.0,0.541183590888977,"[1, 2]",1.0,0.454462468624115,{'raisedhands': 0.35},1.0,"Sinh viên đang được dự đoán thuộc nhóm Low với độ tin cậy 54%. Mô hình tìm thấy phương án cải thiện: điều chỉnh các yếu tố {'raisedhands': 0.35}. Sau thay đổi này, dự đoán sẽ chuyển sang Medium với xác suất 45%. Khuyến nghị: sinh viên nên thực hiện các thay đổi trên và liên hệ cố vấn học tập để theo dõi tiến độ."
62,M,Jordan,Jordan,MiddleSchool,G-07,A,Biology,S,Mum,3,8,19,3,No,Bad,Above-7,0,0,0,0.91026783,0.08671577,0.0030163922,62,,,,,,,,,"Sinh viên đang có thành tích tốt, tiếp tục duy trì phương pháp học hiện tại."
63,F,KW,KuwaIT,MiddleSchool,G-07,A,IT,F,Father,60,60,33,90,No,Bad,Above-7,1,1,1,0.098549016,0.6587241,0.24272685,63,,,,,,,,,"Sinh viên đang có thành tích tốt, tiếp tục duy trì phương pháp học hiện tại."
64,M,Syria,Syria,lowerlevel,G-02,A,French,S,Father,27,20,33,35,No,Bad,Under-7,1,1,1,0.47127208,0.48759937,0.04112863,64,64.0,0.0,0.5933017134666443,"[1, 2]",1.0,0.5104480385780334,{'raisedhands': 0.5699999988079071},1.0,"Sinh viên đang được dự đoán thuộc nhóm Low với độ tin cậy 59%. Mô hình tìm thấy phương án cải thiện: điều chỉnh các yếu tố {'raisedhands': 0.5699999988079071}. Sau thay đổi này, dự đoán sẽ chuyển sang Medium với xác suất 51%. Khuyến nghị: sinh viên nên thực hiện các thay đổi trên và liên hệ cố vấn học tập để theo dõi tiến độ."
65,F,Palestine,Jordan,lowerlevel,G-02,B,French,S,Father,79,89,11,14,No,Good,Under-7,1,1,1,0.0047189845,0.8332308,0.16205022,65,,,,,,,,,"Sinh viên đang có thành tích tốt, tiếp tục duy trì phương pháp học hiện tại."
66,F,Jordan,Jordan,MiddleSchool,G-07,A,Biology,S,Mum,90,88,54,12,Yes,Good,Above-7,1,1,1,0.043765016,0.5546177,0.40161735,66,,,,,,,,,"Sinh viên đang có thành tích tốt, tiếp tục duy trì phương pháp học hiện tại."
67,M,KW,KuwaIT,lowerlevel,G-02,B,IT,F,Father,55,33,6,9,No,Bad,Above-7,0,0,0,0.6170346,0.31110948,0.07185592,67,67.0,0.0,0.5740100145339966,"[1, 2]",1.0,0.4202427268028259,{'raisedhands': 0.8500000596046448},1.0,"Sinh viên đang được dự đoán thuộc nhóm Low với độ tin cậy 57%. Mô hình tìm thấy phương án cải thiện: điều chỉnh các yếu tố {'raisedhands': 0.8500000596046448}. Sau thay đổi này, dự đoán sẽ chuyển sang Medium với xác suất 42%. Khuyến nghị: sinh viên nên thực hiện các thay đổi trên và liên hệ cố vấn học tập để theo dõi tiến độ."
68,M,KW,KuwaIT,MiddleSchool,G-08,B,Arabic,S,Father,67,31,42,14,Yes,Good,Under-7,1,1,2,0.058825802,0.47018498,0.47098917,68,,,,,,,,,"Sinh viên đang có thành tích tốt, tiếp tục duy trì phương pháp học hiện tại."
69,M,Jordan,Jordan,lowerlevel,G-02,B,French,F,Mum,30,98,42,21,Yes,Good,Under-7,2,2,2,0.0045106187,0.39828938,0.5972,69,,,,,,,,,"Sinh viên đang có thành tích tốt, tiếp tục duy trì phương pháp học hiện tại."
70,M,KW,KuwaIT,lowerlevel,G-02,B,IT,F,Father,7,4,10,50,No,Good,Above-7,1,1,0,0.83713084,0.1496136,0.013255626,70,,,,,,,,,"Sinh viên đang có thành tích tốt, tiếp tục duy trì phương pháp học hiện tại."
71,M,KW,KuwaIT,MiddleSchool,G-07,A,Math,F,Father,35,12,0,17,No,Bad,Above-7,0,0,0,0.73879826,0.23574603,0.025455719,71,,,,,,,,,"Sinh viên đang có thành tích tốt, tiếp tục duy trì phương pháp học hiện tại."
72,M,SaudiArabia,USA,HighSchool,G-11,B,English,S,Father,70,50,33,41,No,Bad,Above-7,1,1,1,0.47112298,0.48204127,0.04683576,72,,,,,,,,,"Sinh viên đang có thành tích tốt, tiếp tục duy trì phương pháp học hiện tại."
73,M,KW,KuwaIT,MiddleSchool,G-07,B,IT,S,Mum,70,92,83,85,Yes,Bad,Under-7,2,2,2,0.00044598585,0.215664,0.78389,73,,,,,,,,,"Sinh viên đang có thành tích tốt, tiếp tục duy trì phương pháp học hiện tại."
74,M,Lybia,Lybia,lowerlevel,G-02,B,French,F,Mum,20,3,9,3,No,Good,Above-7,0,0,0,0.9712157,0.027484205,0.0013000481,74,,,,,,,,,"Sinh viên đang có thành tích tốt, tiếp tục duy trì phương pháp học hiện tại."
75,F,Jordan,Jordan,MiddleSchool,G-08,A,Chemistry,F,Father,15,97,22,10,Yes,Good,Under-7,2,2,1,0.024857791,0.5471667,0.4279755,75,75.0,1.0,0.5909653902053833,[2],2.0,0.5021483302116394,{'raisedhands': 0.4499999940395355},1.0,"Sinh viên đang được dự đoán thuộc nhóm Medium với độ tin cậy 59%. Mô hình tìm thấy phương án cải thiện: điều chỉnh các yếu tố {'raisedhands': 0.4499999940395355}. Sau thay đổi này, dự đoán sẽ chuyển sang High với xác suất 50%. Khuyến nghị: sinh viên nên thực hiện các thay đổi trên và liên hệ cố vấn học tập để theo dõi tiến độ."
76,M,Jordan,Jordan,lowerlevel,G-02,A,French,S,Father,30,10,20,5,No,Bad,Above-7,0,0,0,0.9359991,0.06243036,0.001570506,76,,,,,,,,,"Sinh viên đang có thành tích tốt, tiếp tục duy trì phương pháp học hiện tại."
77,M,Jordan,Jordan,MiddleSchool,G-08,A,Geology,S,Mum,70,83,70,23,Yes,Good,Under-7,1,1,1,0.002694667,0.5893188,0.40798655,77,,,,,,,,,"Sinh viên đang có thành tích tốt, tiếp tục duy trì phương pháp học hiện tại."
78,M,KW,KuwaIT,lowerlevel,G-04,A,History,S,Father,10,17,12,14,No,Bad,Above-7,0,0,0,0.84209615,0.15246806,0.0054357867,78,,,,,,,,,"Sinh viên đang có thành tích tốt, tiếp tục duy trì phương pháp học hiện tại."
79,M,KW,KuwaIT,MiddleSchool,G-07,A,Math,F,Father,50,10,15,22,Yes,Good,Under-7,1,1,1,0.0768124,0.5005182,0.4226694,79,79.0,1.0,0.47977414727211,[2],2.0,0.5004002451896667,{'raisedhands': 0.6},1.0,"Sinh viên đang được dự đoán thuộc nhóm Medium với độ tin cậy 48%. Mô hình tìm thấy phương án cải thiện: điều chỉnh các yếu tố {'raisedhands': 0.6}. Sau thay đổi này, dự đoán sẽ chuyển sang High với xác suất 50%. Khuyến nghị: sinh viên nên thực hiện các thay đổi trên và liên hệ cố vấn học tập để theo dõi tiến độ."
80,M,KW,KuwaIT,HighSchool,G-10,A,IT,F,Father,17,13,16,12,Yes,Bad,Under-7,1,1,0,0.5581794,0.34793448,0.093886144,80,,,,,,,,,"Sinh viên đang có thành tích tốt, tiếp tục duy trì phương pháp học hiện tại."
81,F,Jordan,Jordan,MiddleSchool,G-08,A,Chemistry,S,Father,19,98,20,2,Yes,Good,Under-7,2,2,1,0.024087947,0.52962106,0.44629097,81,81.0,1.0,0.5741493701934814,[2],2.0,0.5181398987770081,{'raisedhands': 0.48999998569488523},1.0,"Sinh viên đang được dự đoán thuộc nhóm Medium với độ tin cậy 57%. Mô hình tìm thấy phương án cải thiện: điều chỉnh các yếu tố {'raisedhands': 0.48999998569488523}. Sau thay đổi này, dự đoán sẽ chuyển sang High với xác suất 52%. Khuyến nghị: sinh viên nên thực hiện các thay đổi trên và liên hệ cố vấn học tập để theo dõi tiến độ."
82,F,Jordan,Jordan,lowerlevel,G-04,B,Science,F,Father,15,50,24,43,Yes,Bad,Under-7,1,1,1,0.028292552,0.8251709,0.14653656,82,,,,,,,,,"Sinh viên đang có thành tích tốt, tiếp tục duy trì phương pháp học hiện tại."
83,M,Egypt,Egypt,MiddleSchool,G-07,B,Science,S,Father,72,80,58,86,Yes,Good,Under-7,1,1,2,0.0019142252,0.34901878,0.64906704,83,,,,,,,,,"Sinh viên đang có thành tích tốt, tiếp tục duy trì phương pháp học hiện tại."
84,F,Lybia,Lybia,MiddleSchool,G-07,B,Biology,S,Mum,9,7,9,3,No,Good,Above-7,0,0,0,0.9550438,0.038857363,0.0060988422,84,,,,,,,,,"Sinh viên đang có thành tích tốt, tiếp tục duy trì phương pháp học hiện tại."
85,M,KW,KuwaIT,HighSchool,G-09,A,IT,F,Father,20,80,33,33,Yes,Good,Under-7,1,1,2,0.108669065,0.40687045,0.48446044,85,,,,,,,,,"Sinh viên đang có thành tích tốt, tiếp tục duy trì phương pháp học hiện tại."
86,F,KW,KuwaIT,MiddleSchool,G-06,A,Quran,S,Father,70,40,2,16,No,Bad,Above-7,0,0,0,0.48905396,0.4738609,0.03708522,86,86.0,0.0,0.5913205742835999,"[1, 2]",1.0,0.5077791213989258,{'raisedhands': 0.9000000119209289},1.0,"Sinh viên đang được dự đoán thuộc nhóm Low với độ tin cậy 59%. Mô hình tìm thấy phương án cải thiện: điều chỉnh các yếu tố {'raisedhands': 0.9000000119209289}. Sau thay đổi này, dự đoán sẽ chuyển sang Medium với xác suất 51%. Khuyến nghị: sinh viên nên thực hiện các thay đổi trên và liên hệ cố vấn học tập để theo dõi tiến độ."
87,M,Jordan,Jordan,lowerlevel,G-02,B,Arabic,S,Father,35,2,29,23,No,Bad,Above-7,0,0,0,0.91812575,0.08087663,0.0009975929,87,,,,,,,,,"Sinh viên đang có thành tích tốt, tiếp tục duy trì phương pháp học hiện tại."
88,M,Jordan,Jordan,lowerlevel,G-02,B,Arabic,F,Father,10,30,50,91,Yes,Bad,Above-7,0,0,0,0.63682157,0.35818043,0.004997988,88,,,,,,,,,"Sinh viên đang có thành tích tốt, tiếp tục duy trì phương pháp học hiện tại."
89,M,KW,KuwaIT,lowerlevel,G-04,A,IT,F,Father,30,25,5,35,No,Bad,Above-7,0,0,0,0.75070953,0.22511342,0.024177024,89,,,,,,,,,"Sinh viên đang có thành tích tốt, tiếp tục duy trì phương pháp học hiện tại."
90,M,Syria,Syria,lowerlevel,G-02,A,French,F,Father,24,35,18,31,No,Bad,Under-7,1,1,0,0.48140317,0.47473583,0.043861024,90,90.0,0.0,0.5883035659790039,"[1, 2]",1.0,0.5121102929115295,{'raisedhands': 0.5399999976158142},1.0,"Sinh viên đang được dự đoán thuộc nhóm Low với độ tin cậy 59%. Mô hình tìm thấy phương án cải thiện: điều chỉnh các yếu tố {'raisedhands': 0.5399999976158142}. Sau thay đổi này, dự đoán sẽ chuyển sang Medium với xác suất 51%. Khuyến nghị: sinh viên nên thực hiện các thay đổi trên và liên hệ cố vấn học tập để theo dõi tiến độ."
91,M,Jordan,Jordan,lowerlevel,G-04,A,Science,S,Father,32,14,32,29,No,Good,Above-7,1,1,1,0.27817944,0.70362675,0.018193807,91,,,,,,,,,"Sinh viên đang có thành tích tốt, tiếp tục duy trì phương pháp học hiện tại."
92,F,Jordan,Jordan,lowerlevel,G-04,A,Science,F,Father,49,36,32,44,No,Bad,Above-7,0,0,0,0.6889571,0.30274692,0.008295996,92,,,,,,,,,"Sinh viên đang có thành tích tốt, tiếp tục duy trì phương pháp học hiện tại."
93,M,KW,KuwaIT,lowerlevel,G-02,B,IT,F,Father,12,30,0,17,No,Good,Above-7,0,0,0,0.8073324,0.16849545,0.024172109,93,,,,,,,,,"Sinh viên đang có thành tích tốt, tiếp tục duy trì phương pháp học hiện tại."
94,M,Iran,Iran,lowerlevel,G-02,B,French,S,Mum,20,22,53,13,No,Good,Above-7,0,0,0,0.50607634,0.4801321,0.013791573,94,94.0,0.0,0.5288324952125549,"[1, 2]",1.0,0.5112416744232178,{'raisedhands': 0.40000001192092893},1.0,"Sinh viên đang được dự đoán thuộc nhóm Low với độ tin cậy 53%. Mô hình tìm thấy phương án cải thiện: điều chỉnh các yếu tố {'raisedhands': 0.40000001192092893}. Sau thay đổi này, dự đoán sẽ chuyển sang Medium với xác suất 51%. Khuyến nghị: sinh viên nên thực hiện các thay đổi trên và liên hệ cố vấn học tập để theo dõi tiến độ."
95,F,Jordan,Jordan,MiddleSchool,G-08,A,Geology,S,Mum,87,93,63,60,Yes,Good,Under-7,2,2,2,0.00012284229,0.2930329,0.7068443,95,,,,,,,,,"Sinh viên đang có thành tích tốt, tiếp tục duy trì phương pháp học hiện tại."
